net,length_um
_02060_,1661.96
_02094_,1565.61
_02058_,1519.69
_02090_,1516.49
_02064_,1496.78
_02070_,1496.16
_02068_,1495.64
_02076_,1426.82
_02092_,1412.37
_02082_,1409.27
_02098_,1409.13
_02080_,1388.02
_02062_,1385.31
_02112_,1382.52
_02066_,1382.42
_02088_,1382.03
_02100_,1380.36
_02086_,1375.97
_02072_,1374.315
_02084_,1363.95
_02106_,1352.68
_02054_,1348.56
_02056_,1346.36
_02048_,1338.77
_02110_,1320.52
_02096_,1318.34
_02108_,1312.64
_02114_,1311.13
_02078_,1305.645
_02102_,1295.36
_02074_,1282.24
_02104_,1282.11
_03263_,1250.745
_03268_,1207.17
_03600_,1163.37
_03213_,1159.91
_03605_,1125.49
_03212_,1121.2
_03626_,1090.99
_03248_,1064.52
_03190_,1031.66
_03199_,1023.72
_03221_,1018.64
_03696_,1011.125
_03613_,997.08
_03591_,969.64
_03208_,967.75
_03631_,904.96
_03585_,894.23
_03691_,883.5
_03207_,882.14
_03244_,875.63
_03590_,855.33
_03267_,828.59
_03662_,824.3
_03193_,804.58
_03695_,804.45
_03599_,803.85
_03188_,792.96
_03262_,786.605
_03630_,778.985
_03582_,777.27
_03604_,772.37
_03203_,765.64
_03198_,754.76
_03639_,752.66
_03196_,735.29
_03254_,728.97
_03251_,726.435
_03646_,715.21
_03243_,707.23
_03598_,697.93
_03205_,671.54
_03580_,661.115
_03595_,656.46
net4,638.29
_03197_,613.5
_03192_,612.24
_03583_,600.47
_03247_,578.93
_03211_,570.86
_03584_,564.13
_03589_,563.69
_03191_,535.04
_03206_,524.72
_03261_,508.32
_03578_,490.07
_03265_,465.26
_02331_,451.92
_03273_,448.49
_03603_,442.73
_03231_,437.57
_02434_,423.61
_03625_,420.33
_03258_,417.97
_03682_,416.86
_03271_,412.565
_03597_,407.395
_03693_,405.17
_02154_,404.85
_03216_,401.455
clknet_1_1__leaf__04446_,400.11
_02432_,399.35
_02605_,394.58
_03122_,394.15
_02050_,393.93
_03242_,392.54
_02119_,386.97
_03054_,386.55
_02501_,384.52
_02538_,377.92
_02297_,375.41
_03623_,366.635
_03608_,365.455
_02399_,361.24
_02780_,360.3
_03187_,358
_03699_,354.515
_03241_,352.06
_03588_,351.29
_02814_,351.21
_03019_,346.875
net46,338.53
_02951_,338.095
_02468_,336.88
_03579_,334.73
_03217_,332.27
_03629_,332.265
_02052_,331.74
_02503_,329.74
_04241_,322.26
_02226_,321.41
net73,315.14
net47,312.34
_02916_,309.545
_02190_,306.205
net48,305.96
_02365_,305.08
clknet_1_0__leaf__04490_,305.04
net9,303.22
net105,300.77
_02153_,298.49
_02572_,298.41
_02882_,297.65
_02677_,297.53
net5,296.55
net102,294.01
_02985_,293.86
_04104_,292.9
_02711_,292.36
_02848_,289.33
_03088_,280.65
net72,274.21
_02745_,271.39
net35,271.06
_03650_,267.025
net10,266.22
_02262_,264.74
rf\[29\]\[26\],263.34
net74,262.6
rf\[29\]\[28\],260.24
net68,257.01
rf\[29\]\[25\],256.77
net104,256.28
_02607_,255.68
clknet_1_1__leaf__04479_,252.32
_03616_,251.94
_02642_,251.77
net100,251.3
_03922_,251.24
_04305_,249.54
net97,247.86
clknet_1_0__leaf__04446_,244.58
_03670_,244.12
net75,238.5
_04250_,238.34
_03612_,235.08
_03541_,232.94
_02675_,232.02
net49,227
rf\[19\]\[0\],225.68
net69,223.96
_03634_,220.32
_03220_,219.67
_03840_,219.62
_04170_,219.42
net66,219.4
rf\[19\]\[2\],216.75
_04151_,216.46
_04424_,216.22
_03294_,213.43
clknet_1_1__leaf__04457_,211.93
clknet_1_0__leaf__04479_,210.1
_02189_,208.32
_02224_,207.61
clknet_1_1__leaf__04443_,205.62
_04428_,205.52
_02260_,205.38
_04392_,205.36
_02116_,203.11
rf\[29\]\[30\],202.84
clknet_1_0__leaf__04457_,202.74
_04433_,201.99
_03204_,200.27
_04077_,200.16
_03730_,199.2
rf\[19\]\[1\],198.81
rf\[29\]\[27\],197.92
net94,197.78
_02188_,195.8
net95,195.42
_04078_,193.92
net98,193.84
_02813_,192.98
rf\[0\]\[1\],192.73
_04397_,191.9
_03888_,189.87
_03711_,189.86
rf\[0\]\[2\],187.81
net96,187.22
_03581_,187.12
_03486_,186.19
_04009_,185.25
_03917_,184.55
_03808_,184.38
net81,183.9
rf\[26\]\[21\],183.805
_04304_,183.66
_04269_,182.86
_03826_,182.64
rf\[31\]\[31\],182.51
_02261_,181.56
_03367_,180.08
clknet_1_0__leaf__04499_,178.54
clknet_1_1__leaf__04490_,178.48
_04042_,178.27
_03463_,177.62
_03735_,175.9
_04374_,175.85
_03862_,175.48
rf\[11\]\[31\],175.14
_03954_,173.14
_03886_,171.14
_04416_,169.04
rf\[2\]\[2\],169.02
_03638_,167.78
_03959_,167.76
_03277_,167.22
_03797_,166.75
_03998_,166
_03867_,165.62
_03813_,165.6
rf\[2\]\[1\],165.565
_02467_,165.52
_03369_,164.86
_03783_,164.08
_03449_,163.58
net59,163.16
_04402_,162.94
_03940_,162.6
net92,162.1
_03993_,161.96
net63,161.8
_04214_,160
_04287_,159.68
net31,159.54
_03790_,157.4
_02536_,156.74
_03394_,155.5
_04048_,155.38
_04084_,155.2
_03792_,155.14
_03409_,154.38
net77,154.09
_03403_,153.86
net56,153.64
rf\[26\]\[23\],153.59
_03901_,153.4
_04457_,153.22
_03622_,153.19
_03697_,153.08
_03189_,151.46
_04446_,150.96
_04319_,149.76
_03678_,149.58
_04260_,149.19
_03776_,148.84
rf\[11\]\[21\],148.53
net60,148.11
net43,147.58
_04093_,147.57
rf\[26\]\[13\],147.45
net91,147.42
_03533_,147.24
net90,146.94
_02710_,146.83
_04273_,146.255
_02225_,145.9
rf\[3\]\[26\],145.64
_03681_,145.16
rf\[0\]\[0\],145.09
rf\[26\]\[17\],144.91
_03618_,144.85
_04358_,144.5
_03894_,144.02
_03674_,143.9
_03938_,143.85
_03943_,143.6
_03975_,142.92
_03822_,142.52
net7,142.52
net106,142.43
_03877_,142.34
_03984_,142.02
net44,141.76
_04383_,141.6
rf\[30\]\[31\],141.52
_03841_,141.42
_03330_,141.1
net80,141.09
rf\[26\]\[22\],141.07
net32,140.88
_03430_,140.72
_03767_,140.44
rf\[26\]\[31\],140.25
_04002_,140.08
_04027_,139.82
_04039_,139.64
_04324_,139.42
net103,139.2
_03236_,139.14
_03321_,139.05
rf\[18\]\[12\],138.98
_04114_,138.3
rf\[14\]\[31\],138.115
_03850_,137.74
net64,137.4
_03594_,137.295
net45,137.2
rf\[29\]\[29\],136.98
_03913_,136.56
clknet_1_0__leaf__04468_,136.56
_03950_,136.51
_04227_,136.36
clknet_1_1__leaf__04468_,135.8
net34,135.63
net86,135.42
_02330_,135.34
_04379_,135.09
_04384_,134.87
_03669_,134.85
_04141_,134.23
_03332_,134.2
_03272_,134.14
_03716_,134.08
clknet_1_0__leaf__04449_,134.04
rf\[0\]\[8\],133.94
net29,133.79
net111,133.3
_03969_,133.11
_03852_,133.08
_04005_,132.86
_03870_,132.58
_03906_,132.3
_04351_,132.18
rf\[11\]\[19\],132.08
_04148_,131.94
rf\[14\]\[30\],131.81
_03763_,131.8
clknet_1_0__leaf__04465_,131.78
_03627_,131.5
_03817_,131.45
_04176_,131.36
_03275_,131.35
_03501_,131.18
rf\[5\]\[30\],130.52
net84,130.4
rf\[26\]\[20\],130.365
_04349_,130.26
_03252_,130.08
_03748_,129.84
_04302_,129.24
_04197_,129.15
_03522_,129.04
_03476_,129
rf\[3\]\[25\],128.96
_03245_,128.56
_03314_,128.46
_04111_,128.16
rf\[3\]\[3\],127.96
rf\[11\]\[23\],127.47
net50,127.42
_04075_,127.4
_03416_,127.16
_03966_,127
_03768_,126.7
net30,126.2
_03899_,126.14
_03963_,125.89
rf\[3\]\[24\],125.83
net83,125.76
rf\[24\]\[7\],125.6
_04107_,125.58
_04418_,124.74
net110,124.26
rf\[7\]\[30\],124.1
rf\[7\]\[31\],123.785
_03804_,122.74
_03858_,122.42
rf\[3\]\[5\],121.72
_03335_,121.54
_04130_,121.48
_04051_,121.1
net61,121.1
_04102_,120.62
rf\[11\]\[3\],120.44
_03737_,120.42
clknet_1_0__leaf__04486_,120
rf\[3\]\[23\],119.98
_03818_,119.81
rf\[5\]\[24\],119.72
rf\[26\]\[27\],119.59
net88,119.4
_04135_,119.36
clknet_1_1__leaf__04465_,119.36
rf\[8\]\[31\],119.02
_04087_,118.94
_03222_,118.78
net28,118.56
_04282_,118.26
_04021_,118.24
_04126_,117.96
rf\[31\]\[29\],117.81
_02915_,117.54
_03087_,117.38
_03234_,117.29
_03349_,117.26
_03439_,117.22
_04345_,117.06
rf\[18\]\[13\],116.985
_03936_,116.94
_04036_,116.91
_03373_,116.74
_04443_,116.72
_04118_,116.585
_04072_,116.575
_03299_,116.34
clknet_1_0__leaf__04443_,116.24
_04401_,116.22
rf\[14\]\[10\],116.135
net85,116
_03351_,115.86
_03195_,115.67
rf\[26\]\[15\],115.41
_03405_,115.34
rf\[28\]\[31\],114.94
_04280_,114.8
net53,114.76
rf\[3\]\[19\],114.7
rf\[11\]\[1\],114.62
_03514_,114.6
rf\[3\]\[7\],114.45
rf\[3\]\[6\],113.97
rf\[26\]\[25\],113.69
_03749_,113.62
rf\[3\]\[4\],113.04
_04479_,113.01
_04360_,112.9
_04343_,112.46
_03876_,112.32
rf\[24\]\[3\],112.24
_03991_,112.16
net82,111.84
_04329_,111.7
_04315_,111.48
_03200_,111.31
_03319_,111.02
rf\[3\]\[27\],110.83
_02641_,110.8
_04370_,110.78
_03355_,110.62
_03441_,110.48
_04328_,110.35
_03905_,110.16
_04242_,109.96
net108,109.9
_03995_,109.82
rf\[4\]\[1\],109.7
rf\[27\]\[1\],109.66
rf\[24\]\[2\],109.62
_03289_,109.54
_03957_,109.5
_04352_,109.48
_03712_,109.4
_04251_,108.25
rf\[5\]\[31\],108.24
_02606_,108.06
_03460_,107.86
rf\[26\]\[19\],107.71
_04468_,107.6
_03307_,107.5
_03507_,107.26
_04218_,107.15
clknet_1_0__leaf__04461_,107.08
_04026_,107.02
net54,106.78
clknet_0__04457_,106.78
_04380_,106.76
net62,106.69
_04063_,106.56
_04122_,106.52
_04144_,106.34
clknet_1_0__leaf__04488_,105.84
rf\[26\]\[30\],105.78
_03225_,105.63
rf\[24\]\[10\],105.62
rf\[20\]\[27\],105.57
rf\[11\]\[18\],105.48
_03464_,105.02
clknet_0__04479_,104.92
_04139_,104.8
rf\[14\]\[16\],104.455
clknet_1_1__leaf__04464_,104.43
rf\[8\]\[21\],104.34
rf\[11\]\[15\],104.32
_03663_,104.18
rf\[18\]\[11\],104.105
_04336_,103.9
rf\[26\]\[24\],103.765
clknet_1_1__leaf__04487_,103.76
clknet_1_1__leaf__04455_,103.66
rf\[30\]\[14\],103.63
clknet_0__04490_,103.46
_03489_,103.44
rf\[21\]\[31\],103.4
clknet_0__04446_,103.34
_03427_,103.32
rf\[11\]\[17\],103.3
rf\[25\]\[13\],102.96
_04347_,102.9
_03929_,102.44
_03910_,102.43
rf\[5\]\[28\],102.4
_04264_,102.345
clknet_1_0__leaf__04463_,101.94
_03753_,101.73
_04310_,101.44
rf\[11\]\[30\],101.3
clknet_0__04468_,101.22
clknet_1_1__leaf__04483_,101.04
rf\[11\]\[4\],101.02
clknet_1_1__leaf__04493_,100.76
_03742_,100.44
clknet_1_0__leaf__04493_,100.42
_04291_,100.33
_03269_,100.32
_03531_,100.29
_04082_,100.25
rf\[24\]\[28\],100.16
_03478_,100.04
net52,99.85
_04398_,99.48
_04187_,99.32
_03726_,99.03
_04207_,98.96
clknet_1_0__leaf__04453_,98.96
_03731_,98.83
rf\[24\]\[12\],98.82
rf\[4\]\[0\],98.82
_03700_,98.66
rf\[12\]\[11\],98.58
rf\[25\]\[17\],98.5
rf\[11\]\[26\],98.48
rf\[11\]\[16\],98.44
_04262_,98.22
_03706_,98.115
rf\[26\]\[7\],97.875
rf\[0\]\[3\],97.62
_03926_,97.505
_03553_,97.34
rf\[22\]\[1\],97.325
_04117_,97.28
clknet_1_0__leaf__04487_,97.08
rf\[29\]\[31\],97.02
_02676_,96.99
rf\[25\]\[21\],96.78
_03725_,96.25
_03455_,96.22
_04362_,95.98
rf\[14\]\[13\],95.955
_03835_,95.77
_03550_,95.6
rf\[30\]\[12\],95.59
_03402_,95.56
clknet_1_1__leaf__04499_,95.42
_04426_,95.3
clknet_1_0__leaf__04473_,95.26
rf\[13\]\[31\],95.2
rf\[27\]\[9\],95.1
_03457_,94.89
_03512_,94.86
net78,94.65
_03881_,94.46
rf\[13\]\[30\],94.4
_03362_,94.34
rf\[0\]\[6\],94.33
_03494_,94.19
_03947_,94.1
rf\[25\]\[19\],94.06
_04297_,93.94
rf\[26\]\[26\],93.915
_03326_,93.84
_04164_,93.685
_04059_,93.68
clknet_1_0__leaf__04483_,93.42
_04301_,93.36
rf\[29\]\[8\],93.28
_02847_,93.12
_03516_,93.12
_03879_,92.9
_03770_,92.8
_03382_,91.93
_03391_,91.76
_03868_,91.74
rf\[11\]\[14\],91.72
rf\[16\]\[20\],91.72
clknet_1_1__leaf__04461_,91.6
rf\[15\]\[31\],91.58
_03986_,91.4
_04219_,91.29
net57,91.28
_04121_,91.26
clknet_1_0__leaf__04482_,91.26
_03777_,91.22
_03431_,91.2
_03498_,91.03
_03340_,90.92
rf\[6\]\[21\],90.81
rf\[3\]\[28\],90.78
clknet_1_0__leaf__04459_,90.77
rf\[24\]\[27\],90.74
_03432_,90.66
clknet_1_0__leaf__04454_,90.6
_03523_,90.58
clknet_1_0__leaf__04498_,90.5
clknet_1_0__leaf__04448_,90.44
clknet_1_0__leaf__04481_,90.36
clknet_1_0__leaf__04452_,90.3
_03964_,89.96
_02537_,89.94
rf\[31\]\[16\],89.88
_03845_,89.8
net51,89.72
_04035_,89.68
_03296_,89.64
_03285_,89.55
clknet_1_1__leaf__04467_,89.52
rf\[21\]\[15\],89.44
rf\[5\]\[25\],89.32
rf\[8\]\[23\],89.32
rf\[18\]\[14\],89.265
rf\[26\]\[28\],89.05
rf\[20\]\[24\],88.9
_03492_,88.84
rf\[11\]\[22\],88.84
rf\[20\]\[26\],88.66
rf\[31\]\[17\],88.57
_03482_,88.2
_03547_,88.14
rf\[15\]\[11\],88.14
_03587_,87.93
rf\[11\]\[13\],87.9
_04317_,87.86
_03556_,87.84
_04095_,87.8
rf\[30\]\[29\],87.795
_04073_,87.66
clknet_1_0__leaf__04455_,87.56
_03759_,87.4
rf\[0\]\[7\],87.38
rf\[7\]\[24\],87.25
_03679_,87.08
rf\[27\]\[6\],87.02
_04032_,86.94
clknet_1_1__leaf__04449_,86.88
_03672_,86.52
clknet_1_1__leaf__04466_,86.4
_03890_,86.36
_02744_,86.26
_02049_,86.14
_03772_,86.1
rf\[24\]\[21\],86.02
rf\[14\]\[14\],85.95
_04249_,85.865
clknet_1_1__leaf__04453_,85.76
rf\[16\]\[22\],85.74
_03989_,85.54
_03973_,85.43
clknet_1_1__leaf__04447_,85.28
net27,85.18
_03786_,85
rf\[25\]\[15\],84.98
rf\[26\]\[29\],84.96
_04407_,84.94
_03796_,84.92
clknet_1_1__leaf__04454_,84.825
_03308_,84.82
clknet_1_1__leaf__04471_,84.64
rf\[29\]\[7\],84.52
_03461_,84.48
_03847_,84.46
rf\[11\]\[0\],84.46
_03925_,84.36
clknet_1_0__leaf__04477_,84.32
rf\[27\]\[4\],84.22
_03536_,84.18
clknet_1_1__leaf__04496_,84.18
rf\[11\]\[20\],84.16
rf\[17\]\[27\],84.14
rf\[18\]\[1\],84.115
_04127_,83.855
clknet_1_1__leaf__04485_,83.7
_03413_,83.62
_04436_,83.6
_03854_,83.58
rf\[26\]\[8\],83.53
rf\[12\]\[4\],83.34
_03934_,83.32
rf\[25\]\[22\],83.32
rf\[24\]\[6\],83.28
clknet_1_0__leaf__04502_,82.88
rf\[23\]\[10\],82.32
_03832_,82.24
rf\[10\]\[12\],82.15
_03927_,82.12
rf\[2\]\[0\],82.055
rf\[5\]\[29\],81.995
_03689_,81.98
rf\[24\]\[22\],81.96
rf\[27\]\[12\],81.94
rf\[25\]\[23\],81.92
rf\[15\]\[9\],81.86
_03328_,81.8
clknet_1_1__leaf__04480_,81.76
_04288_,81.72
clknet_1_0__leaf__04456_,81.7
_02881_,81.68
clknet_1_0__leaf__04462_,81.68
rf\[30\]\[13\],81.59
rf\[31\]\[18\],81.36
rf\[23\]\[2\],81.34
clknet_1_1__leaf__04500_,81.34
clknet_1_1__leaf__04452_,81.3
_03364_,81.24
_04014_,81.18
_03574_,81.08
rf\[8\]\[10\],80.94
rf\[4\]\[2\],80.84
_03018_,80.835
_03653_,80.82
rf\[14\]\[9\],80.795
rf\[0\]\[4\],80.62
_04422_,80.47
rf\[24\]\[8\],80.4
rf\[18\]\[5\],80.38
rf\[12\]\[1\],80.32
_03568_,80.28
rf\[26\]\[12\],80.15
rf\[8\]\[30\],80.14
_03799_,80.12
rf\[25\]\[31\],80.1
clknet_1_0__leaf__04491_,80.095
_04156_,80.04
_03420_,79.92
_04420_,79.9
rf\[17\]\[31\],79.74
_03380_,79.72
rf\[6\]\[22\],79.72
_04067_,79.66
rf\[12\]\[17\],79.65
_04409_,79.64
_03505_,79.5
rf\[27\]\[7\],79.46
_03491_,79.4
rf\[30\]\[10\],79.175
rf\[6\]\[18\],78.975
rf\[15\]\[12\],78.84
_04155_,78.83
clknet_1_1__leaf__04458_,78.82
clknet_1_0__leaf__04469_,78.51
clknet_1_1__leaf__04475_,78.5
rf\[3\]\[31\],78.48
rf\[6\]\[16\],78.36
rf\[29\]\[10\],78.32
_03379_,78.26
_04133_,78.24
_04234_,78.24
_04372_,78.2
clknet_1_1__leaf__04462_,78.14
rf\[22\]\[25\],78.135
rf\[31\]\[27\],78.12
rf\[3\]\[22\],78.04
clknet_1_1__leaf__04486_,77.96
rf\[24\]\[29\],77.82
clknet_1_0__leaf__04480_,77.82
_04018_,77.595
_03524_,77.59
_03572_,77.555
rf\[12\]\[15\],77.55
rf\[22\]\[0\],77.53
_03304_,77.52
_04270_,77.44
_03357_,77.38
_03534_,77.32
_03788_,77.26
rf\[11\]\[12\],77.22
rf\[26\]\[16\],77.2
rf\[11\]\[29\],77.15
rf\[12\]\[8\],77.14
clknet_1_1__leaf__04459_,77.12
rf\[27\]\[0\],76.94
clknet_1_0__leaf__04489_,76.94
rf\[15\]\[15\],76.86
_03406_,76.8
_04017_,76.74
rf\[21\]\[17\],76.74
clknet_1_1__leaf__04478_,76.74
_03704_,76.6
rf\[30\]\[8\],76.57
rf\[3\]\[8\],76.48
rf\[16\]\[19\],76.46
_04438_,76.44
rf\[25\]\[24\],76.4
_04411_,76.26
_03323_,76.08
_02984_,75.98
rf\[3\]\[17\],75.98
_04031_,75.97
rf\[31\]\[24\],75.88
_03601_,75.86
clknet_1_0__leaf__04460_,75.855
rf\[18\]\[2\],75.7
_04274_,75.62
rf\[29\]\[4\],75.6
clknet_1_1__leaf__04451_,75.58
clknet_1_1__leaf__04445_,75.56
rf\[24\]\[11\],75.53
rf\[15\]\[1\],75.5
clknet_1_1__leaf__04501_,75.42
rf\[13\]\[23\],75.38
_04325_,75.26
_03458_,75.22
_03278_,75.16
clknet_1_0__leaf__04497_,75.16
rf\[10\]\[15\],75.085
clknet_1_1__leaf__04472_,75.02
rf\[3\]\[20\],74.98
clknet_1_0__leaf__04471_,74.98
rf\[28\]\[18\],74.88
_03807_,74.82
_03754_,74.66
clknet_1_0__leaf__04472_,74.49
_03655_,74.48
rf\[24\]\[30\],74.44
_04490_,74.42
_04430_,74.4
_04299_,74.35
_03746_,74.02
rf\[18\]\[15\],73.87
rf\[3\]\[21\],73.86
rf\[18\]\[17\],73.85
rf\[4\]\[4\],73.76
clknet_1_0__leaf__04470_,73.66
clknet_1_1__leaf__04498_,73.54
_03445_,73.5
rf\[20\]\[11\],73.48
_03469_,73.4
_03250_,73.33
rf\[21\]\[13\],73.14
clknet_1_0__leaf__04466_,73.12
_04230_,72.96
_03264_,72.92
rf\[24\]\[26\],72.88
clknet_1_1__leaf__04482_,72.87
_03883_,72.84
_04303_,72.82
rf\[17\]\[29\],72.76
_03665_,72.74
_03733_,72.74
clknet_1_0__leaf__04464_,72.72
_03903_,72.71
net26,72.64
rf\[24\]\[31\],72.58
_04064_,72.56
rf\[14\]\[12\],72.535
_03259_,72.52
rf\[25\]\[30\],72.18
clknet_1_0__leaf__04467_,72
_02571_,71.92
rf\[3\]\[14\],71.9
clknet_1_0__leaf__04500_,71.84
_03744_,71.82
clknet_1_1__leaf__04488_,71.8
rf\[11\]\[2\],71.68
rf\[16\]\[17\],71.66
rf\[19\]\[23\],71.66
rf\[24\]\[9\],71.66
_03324_,71.5
_03803_,71.42
_03761_,71.28
clknet_1_0__leaf__04478_,71.26
rf\[27\]\[11\],71.14
_03982_,71.12
_03640_,71.1
_03916_,71.08
_04174_,70.96
clknet_1_0__leaf__04476_,70.92
_03684_,70.82
rf\[27\]\[8\],70.68
rf\[4\]\[7\],70.68
rf\[25\]\[1\],70.6
clknet_1_1__leaf__04460_,70.58
_02296_,70.54
clknet_1_1__leaf__04463_,70.54
clknet_1_0__leaf__04447_,70.54
_03433_,70.4
_04163_,70.4
rf\[11\]\[24\],70.36
clknet_1_0__leaf__04492_,70.34
rf\[8\]\[26\],70.21
_04390_,70.2
_04181_,70.14
_04066_,70.08
rf\[25\]\[28\],70.08
rf\[18\]\[8\],70.03
clknet_1_1__leaf__04484_,70
clknet_1_1__leaf__04448_,70
_04202_,69.9
rf\[6\]\[19\],69.75
rf\[1\]\[2\],69.72
_04196_,69.66
_04309_,69.135
_03849_,69.13
net3,69.1
_03565_,68.94
_03751_,68.94
rf\[1\]\[8\],68.94
rf\[30\]\[11\],68.86
_03953_,68.83
rf\[19\]\[24\],68.82
rf\[22\]\[4\],68.79
rf\[16\]\[13\],68.68
clknet_1_0__leaf__04458_,68.68
rf\[13\]\[20\],68.63
rf\[7\]\[25\],68.54
_03745_,68.48
rf\[29\]\[1\],68.39
rf\[19\]\[28\],68.36
rf\[30\]\[30\],68.325
_03552_,68.24
_03497_,68.18
rf\[4\]\[3\],68.18
rf\[31\]\[26\],68.16
rf\[2\]\[23\],67.91
_03288_,67.88
_03360_,67.78
rf\[24\]\[5\],67.76
rf\[19\]\[22\],67.6
rf\[4\]\[12\],67.48
_04119_,67.46
clknet_1_1__leaf__04469_,67.46
_03358_,67.44
rf\[30\]\[7\],67.43
rf\[31\]\[15\],67.38
rf\[21\]\[29\],67.36
_04254_,67.29
rf\[23\]\[7\],67.22
rf\[5\]\[17\],67.22
rf\[17\]\[7\],67.12
rf\[4\]\[11\],67.08
rf\[12\]\[5\],67.06
rf\[26\]\[11\],66.95
_02051_,66.94
_04167_,66.94
clknet_1_0__leaf__04495_,66.92
rf\[28\]\[29\],66.88
rf\[25\]\[14\],66.85
_03741_,66.74
clknet_1_1__leaf__04497_,66.72
_03829_,66.64
_03874_,66.5
rf\[16\]\[27\],66.48
_03418_,66.45
clknet_1_1__leaf__04492_,66.4
rf\[16\]\[26\],66.34
rf\[30\]\[16\],66.325
_04465_,66.28
_03354_,66.26
rf\[14\]\[6\],66.24
rf\[24\]\[23\],66.16
clknet_1_0__leaf__04496_,66.12
_03400_,66.1
rf\[16\]\[23\],66.1
_04098_,66.06
clknet_1_1__leaf__04456_,65.98
rf\[20\]\[10\],65.84
clknet_1_1__leaf__04495_,65.78
rf\[22\]\[3\],65.665
rf\[23\]\[4\],65.66
_03343_,65.58
rf\[12\]\[9\],65.56
_04434_,65.5
rf\[25\]\[2\],65.44
_04265_,65.42
rf\[16\]\[12\],65.42
rf\[3\]\[12\],65.42
rf\[30\]\[15\],65.245
net23,65.24
clknet_1_0__leaf__04475_,65.2
_02364_,65.06
_03860_,65.06
_04331_,64.8
clknet_1_1__leaf__04502_,64.76
rf\[12\]\[3\],64.74
clknet_1_0__leaf__04484_,64.68
_03352_,64.66
rf\[21\]\[16\],64.56
clknet_1_0__leaf__04444_,64.44
rf\[26\]\[14\],64.32
_03529_,64.28
_02502_,64.23
rf\[29\]\[2\],64.1
rf\[4\]\[6\],64.06
rf\[7\]\[10\],63.98
_04363_,63.92
_04499_,63.86
_03479_,63.84
clknet_1_0__leaf__04494_,63.7
clknet_1_0__leaf__04485_,63.58
_03375_,63.4
rf\[7\]\[18\],63.4
clknet_1_1__leaf__04489_,63.02
clknet_1_1__leaf__04494_,62.96
rf\[19\]\[26\],62.9
_02950_,62.88
_03912_,62.8
_03280_,62.74
_03377_,62.7
rf\[25\]\[20\],62.7
rf\[8\]\[6\],62.64
rf\[15\]\[17\],62.6
rf\[16\]\[16\],62.58
rf\[17\]\[30\],62.52
rf\[25\]\[0\],62.5
rf\[8\]\[0\],62.5
clknet_1_1__leaf__04444_,62.5
rf\[0\]\[5\],62.48
_03386_,62.24
rf\[18\]\[7\],62.195
_04091_,62.16
_03980_,62.04
_03762_,61.99
clknet_1_1__leaf__04474_,61.92
rf\[0\]\[14\],61.86
rf\[18\]\[10\],61.83
_03053_,61.8
net2,61.76
rf\[10\]\[14\],61.72
rf\[21\]\[30\],61.64
_03422_,61.62
rf\[15\]\[10\],61.54
clknet_1_1__leaf__04476_,61.44
rf\[21\]\[14\],61.26
_03660_,61.2
_03345_,61.14
_03300_,61.02
_04364_,60.99
_03592_,60.98
clknet_1_0__leaf__04501_,60.9
_04365_,60.82
clknet_1_1__leaf__04477_,60.78
rf\[11\]\[8\],60.72
rf\[12\]\[2\],60.7
_04307_,60.68
_03474_,60.64
_03713_,60.58
rf\[5\]\[26\],60.52
rf\[10\]\[11\],60.495
rf\[21\]\[19\],60.4
rf\[5\]\[23\],60.24
clknet_1_0__leaf__04451_,60.16
rf\[8\]\[13\],60.14
rf\[18\]\[16\],60.115
rf\[16\]\[21\],59.94
rf\[29\]\[5\],59.72
rf\[27\]\[2\],59.64
rf\[31\]\[30\],59.6
_03814_,59.52
_03327_,59.4
rf\[12\]\[0\],59.32
_03571_,59.28
_04338_,59.22
rf\[26\]\[18\],59.13
_04071_,59.1
_03960_,59.08
rf\[8\]\[19\],58.96
_03892_,58.94
_03298_,58.93
_03825_,58.86
_03238_,58.72
rf\[25\]\[7\],58.71
_03370_,58.68
clknet_1_0__leaf__04445_,58.67
rf\[4\]\[13\],58.6
clknet_1_1__leaf__04481_,58.58
rf\[22\]\[22\],58.51
rf\[17\]\[25\],58.36
rf\[2\]\[8\],58.35
_03614_,58.28
rf\[24\]\[17\],58.28
_03624_,58.24
_03586_,58.13
_04237_,58.04
rf\[13\]\[19\],57.9
_03918_,57.72
_03397_,57.7
clknet_1_0__leaf__04474_,57.66
rf\[1\]\[23\],57.56
rf\[18\]\[20\],57.415
_04354_,57.35
_03454_,57.34
rf\[23\]\[3\],57.34
rf\[15\]\[14\],57.28
rf\[22\]\[2\],57.27
rf\[1\]\[28\],57.24
_04159_,57.2
rf\[25\]\[25\],57.12
_03442_,57.1
rf\[23\]\[6\],57.08
_03800_,57.02
_03303_,57
rf\[16\]\[28\],56.92
_04215_,56.86
rf\[27\]\[3\],56.86
rf\[18\]\[18\],56.695
_03503_,56.6
_03315_,56.52
rf\[31\]\[21\],56.5
rf\[4\]\[8\],56.5
rf\[5\]\[19\],56.5
_03701_,56.445
clknet_1_1__leaf__04470_,56.18
clknet_1_1__leaf__04450_,56.02
_02118_,55.98
_03897_,55.94
_01745_,55.925
_03722_,55.92
clknet_1_0__leaf__04450_,55.92
rf\[24\]\[4\],55.76
clknet_1_1__leaf__04473_,55.68
rf\[26\]\[0\],55.545
_03843_,55.52
_04089_,55.5
_03707_,55.48
_03756_,55.48
_04356_,55.46
_03801_,55.38
rf\[19\]\[27\],55.38
rf\[20\]\[21\],55.32
rf\[31\]\[13\],55.28
_04000_,55.18
_03738_,55.105
rf\[18\]\[21\],55.07
_04217_,55.04
rf\[28\]\[26\],55.02
_03853_,54.975
rf\[5\]\[21\],54.95
rf\[28\]\[0\],54.88
rf\[12\]\[7\],54.86
rf\[1\]\[0\],54.86
rf\[14\]\[7\],54.845
rf\[6\]\[4\],54.805
rf\[21\]\[26\],54.66
rf\[5\]\[12\],54.64
rf\[29\]\[3\],54.58
_03896_,54.54
rf\[28\]\[20\],54.52
rf\[4\]\[9\],54.52
_03827_,54.46
_03968_,54.39
_03499_,54.365
_04183_,54.3
_04154_,54.26
rf\[31\]\[22\],54.26
_03863_,53.9
_04053_,53.88
rf\[10\]\[8\],53.825
_03365_,53.8
_04359_,53.74
_03229_,53.68
_04376_,53.68
rf\[23\]\[31\],53.62
rf\[22\]\[31\],53.57
_04441_,53.54
rf\[31\]\[10\],53.46
_04188_,53.42
rf\[25\]\[3\],53.42
rf\[20\]\[19\],53.38
_03781_,53.32
_02779_,53.28
_04340_,53.28
_04466_,53.28
_03444_,53.26
rf\[24\]\[25\],53.26
rf\[13\]\[25\],53.08
_03297_,53.02
_04023_,53
_04158_,52.98
_03551_,52.9
_03717_,52.9
_03260_,52.84
rf\[22\]\[5\],52.725
_03521_,52.64
_03525_,52.64
_04209_,52.625
rf\[7\]\[22\],52.62
rf\[8\]\[17\],52.62
_03495_,52.6
rf\[15\]\[7\],52.54
rf\[30\]\[4\],52.455
_03336_,52.38
rf\[23\]\[12\],52.3
rf\[4\]\[5\],52.3
_02433_,52.18
rf\[22\]\[6\],52.145
rf\[20\]\[9\],52.06
rf\[23\]\[14\],51.84
rf\[29\]\[11\],51.84
_04292_,51.8
rf\[15\]\[4\],51.8
_03121_,51.78
rf\[14\]\[21\],51.47
_04129_,51.46
rf\[23\]\[17\],51.46
rf\[0\]\[17\],51.4
rf\[27\]\[10\],51.4
rf\[19\]\[25\],51.38
_03651_,51.28
rf\[13\]\[21\],51.22
_03933_,51.2
rf\[14\]\[25\],51.09
_03465_,51.08
rf\[15\]\[28\],51.02
_03558_,51.005
rf\[18\]\[4\],50.99
rf\[30\]\[27\],50.985
clknet_0__04443_,50.98
rf\[0\]\[22\],50.96
rf\[7\]\[9\],50.96
rf\[27\]\[5\],50.91
_04109_,50.88
_03596_,50.82
_04334_,50.82
_03468_,50.72
rf\[15\]\[30\],50.7
_03446_,50.63
_04057_,50.52
_03885_,50.34
rf\[25\]\[12\],50.32
_04185_,50.28
rf\[26\]\[4\],50.275
net99,50.12
rf\[24\]\[1\],50.1
rf\[10\]\[7\],50.07
rf\[20\]\[23\],50.04
rf\[8\]\[18\],49.84
clknet_1_1__leaf__04491_,49.83
net12,49.7
rf\[26\]\[1\],49.665
_04169_,49.66
_03962_,49.64
_04153_,49.62
_03821_,49.6
_03836_,49.58
_03834_,49.52
rf\[26\]\[9\],49.485
rf\[23\]\[5\],49.36
rf\[21\]\[28\],49.26
_03317_,49.2
_04037_,49.2
_04293_,49.18
rf\[24\]\[20\],49.18
_03483_,49.08
_04166_,49.02
_04272_,48.94
rf\[3\]\[30\],48.8
_04283_,48.74
_04096_,48.72
_04449_,48.72
rf\[4\]\[14\],48.7
_03908_,48.62
rf\[0\]\[21\],48.62
rf\[8\]\[2\],48.58
rf\[12\]\[6\],48.52
rf\[5\]\[14\],48.52
_03346_,48.5
net6,48.5
_03290_,48.44
rf\[6\]\[12\],48.405
_03554_,48.365
rf\[11\]\[5\],48.36
rf\[7\]\[1\],48.36
rf\[6\]\[27\],48.32
rf\[4\]\[15\],48.24
rf\[8\]\[11\],48.18
rf\[16\]\[9\],48.14
rf\[5\]\[27\],47.94
net1,47.94
_03563_,47.93
_03978_,47.92
_04015_,47.8
_04386_,47.8
rf\[15\]\[8\],47.74
_03462_,47.71
_04257_,47.7
_03384_,47.66
rf\[28\]\[7\],47.5
rf\[29\]\[20\],47.38
rf\[31\]\[2\],47.38
rf\[21\]\[20\],47.16
rf\[6\]\[9\],47.07
rf\[15\]\[5\],47.02
rf\[15\]\[3\],46.94
_03620_,46.9
rf\[28\]\[1\],46.88
rf\[13\]\[27\],46.84
rf\[31\]\[7\],46.82
rf\[1\]\[24\],46.73
rf\[5\]\[7\],46.7
rf\[16\]\[14\],46.69
_03415_,46.68
rf\[25\]\[9\],46.6
rf\[21\]\[18\],46.56
rf\[20\]\[12\],46.48
rf\[5\]\[15\],46.48
rf\[25\]\[27\],46.44
rf\[25\]\[26\],46.41
rf\[20\]\[22\],46.36
_03861_,46.14
_03333_,46.1
_03644_,46.1
rf\[31\]\[8\],46.1
_03337_,46
_04226_,45.98
rf\[5\]\[8\],45.91
rf\[28\]\[3\],45.88
_03856_,45.8
rf\[8\]\[4\],45.78
_03632_,45.72
_04448_,45.7
rf\[21\]\[1\],45.7
rf\[11\]\[11\],45.58
_04488_,45.48
rf\[3\]\[15\],45.4
rf\[22\]\[23\],45.35
rf\[9\]\[4\],45.32
_04172_,45.24
_03510_,45.21
rf\[1\]\[22\],45.2
_04377_,45.14
_04410_,45.12
rf\[14\]\[1\],45.115
rf\[10\]\[10\],45.03
rf\[2\]\[27\],44.91
_04313_,44.84
rf\[9\]\[21\],44.84
clknet_0__04449_,44.84
rf\[18\]\[26\],44.81
_03979_,44.78
_04496_,44.7
rf\[18\]\[19\],44.55
rf\[10\]\[9\],44.515
rf\[8\]\[7\],44.44
rf\[17\]\[22\],44.38
rf\[3\]\[11\],44.32
rf\[16\]\[6\],44.3
rf\[1\]\[31\],44.28
rf\[20\]\[18\],44.28
_04308_,44.26
_04012_,44.2
rf\[18\]\[0\],44.195
_03545_,44.13
_03932_,44.12
rf\[16\]\[25\],44.06
_04258_,43.94
rf\[3\]\[0\],43.93
rf\[25\]\[6\],43.9
_03372_,43.68
_04248_,43.66
rf\[8\]\[29\],43.66
rf\[8\]\[9\],43.66
rf\[25\]\[18\],43.58
rf\[15\]\[6\],43.56
rf\[7\]\[0\],43.5
_03490_,43.47
_03609_,43.34
_03052_,43.32
net25,43.28
_03398_,43.24
_03643_,43.23
rf\[3\]\[16\],43.2
_03758_,43
_03831_,43
_04275_,43
rf\[9\]\[3\],43
rf\[28\]\[17\],42.99
clknet_0__04465_,42.98
_03555_,42.96
rf\[29\]\[0\],42.96
_04100_,42.92
_02398_,42.76
_04044_,42.7
rf\[10\]\[16\],42.67
_04320_,42.64
rf\[11\]\[9\],42.52
rf\[20\]\[30\],42.38
rf\[0\]\[12\],42.26
rf\[28\]\[15\],42.24
rf\[8\]\[14\],42.24
_04210_,42.18
rf\[3\]\[9\],42.16
rf\[1\]\[26\],42.12
_03779_,42
_03942_,41.94
rf\[15\]\[21\],41.94
_03291_,41.88
_04225_,41.84
rf\[6\]\[6\],41.705
rf\[28\]\[8\],41.7
_03281_,41.68
rf\[21\]\[27\],41.6
rf\[6\]\[7\],41.405
rf\[23\]\[15\],41.38
rf\[0\]\[11\],41.2
rf\[28\]\[9\],41.2
_04180_,41.12
_03577_,41.1
_04030_,40.98
rf\[14\]\[8\],40.95
rf\[24\]\[0\],40.9
rf\[23\]\[8\],40.86
rf\[24\]\[24\],40.86
rf\[2\]\[5\],40.85
rf\[12\]\[16\],40.82
rf\[26\]\[10\],40.8
rf\[29\]\[9\],40.8
rf\[12\]\[12\],40.74
rf\[21\]\[12\],40.74
rf\[8\]\[3\],40.72
_04394_,40.68
_04046_,40.62
_04161_,40.58
_04244_,40.58
_03383_,40.52
rf\[5\]\[10\],40.38
rf\[29\]\[15\],40.32
_04143_,40.2
rf\[15\]\[22\],40.2
rf\[3\]\[29\],40.16
_04480_,40.14
rf\[7\]\[21\],40.14
_03931_,40.12
_04055_,40.11
_04221_,40.06
_03839_,40.04
rf\[6\]\[8\],40.04
rf\[9\]\[31\],39.95
rf\[17\]\[14\],39.92
rf\[25\]\[4\],39.84
rf\[30\]\[25\],39.835
_03428_,39.76
rf\[31\]\[4\],39.76
_04011_,39.74
_04255_,39.68
rf\[8\]\[5\],39.68
rf\[23\]\[28\],39.66
rf\[6\]\[14\],39.66
_03447_,39.64
rf\[2\]\[24\],39.555
rf\[28\]\[28\],39.48
rf\[12\]\[10\],39.38
rf\[5\]\[20\],39.3
rf\[22\]\[7\],39.25
rf\[13\]\[22\],39.2
_03226_,39.16
rf\[3\]\[18\],39.09
rf\[8\]\[27\],39.04
_03561_,38.94
_03322_,38.7
_03994_,38.685
_04469_,38.68
clknet_0__04496_,38.64
rf\[23\]\[11\],38.6
rf\[30\]\[6\],38.525
rf\[13\]\[0\],38.52
_04190_,38.5
_03949_,38.48
rf\[2\]\[26\],38.465
rf\[13\]\[26\],38.42
rf\[10\]\[1\],38.405
rf\[24\]\[18\],38.4
_04350_,38.365
rf\[6\]\[20\],38.09
rf\[16\]\[2\],38.07
rf\[2\]\[16\],38.05
rf\[16\]\[24\],38.03
rf\[11\]\[10\],38.02
rf\[8\]\[16\],38.02
rf\[3\]\[10\],38
_04191_,37.98
rf\[14\]\[11\],37.93
_03617_,37.805
rf\[23\]\[29\],37.76
rf\[5\]\[16\],37.76
rf\[1\]\[1\],37.64
_03410_,37.6
_03515_,37.6
_03453_,37.495
rf\[16\]\[18\],37.48
rf\[18\]\[9\],37.47
_03698_,37.44
_03889_,37.43
rf\[6\]\[17\],37.32
rf\[30\]\[5\],37.29
rf\[29\]\[23\],37.16
rf\[9\]\[26\],37.16
_03388_,37.14
rf\[16\]\[10\],37.02
_03872_,36.98
rf\[1\]\[25\],36.98
rf\[25\]\[16\],36.96
net33,36.94
rf\[13\]\[18\],36.92
rf\[30\]\[17\],36.885
_04173_,36.86
rf\[7\]\[28\],36.86
rf\[29\]\[14\],36.8
_03945_,36.72
rf\[16\]\[8\],36.68
_04391_,36.56
_03210_,36.53
_04382_,36.44
net11,36.34
_04452_,36.26
_03972_,36.255
_04421_,36.06
rf\[15\]\[16\],36.04
_03316_,36.035
rf\[22\]\[29\],35.95
rf\[31\]\[28\],35.95
net24,35.92
rf\[22\]\[21\],35.845
rf\[21\]\[24\],35.8
rf\[8\]\[8\],35.76
rf\[23\]\[13\],35.68
rf\[2\]\[29\],35.675
rf\[0\]\[28\],35.66
rf\[2\]\[18\],35.385
rf\[22\]\[26\],35.375
_03255_,35.32
_03724_,35.3
rf\[4\]\[10\],35.26
_04414_,35.24
_04335_,35.22
_03407_,35.19
clknet_0__04476_,35.14
clknet_0__04447_,35.12
_03537_,35.1
rf\[30\]\[28\],35.065
rf\[12\]\[13\],35.02
rf\[6\]\[15\],35.02
clknet_0__04444_,35.02
rf\[14\]\[23\],34.99
rf\[0\]\[9\],34.98
_03838_,34.96
_03683_,34.91
_04211_,34.82
clknet_0__04481_,34.82
rf\[25\]\[29\],34.8
_04435_,34.78
_04116_,34.68
rf\[17\]\[11\],34.66
_04482_,34.62
rf\[0\]\[10\],34.48
_03569_,34.46
_04092_,34.46
rf\[6\]\[25\],34.405
rf\[15\]\[18\],34.4
_04231_,34.38
rf\[19\]\[29\],34.38
rf\[21\]\[11\],34.3
rf\[6\]\[3\],34.285
_03865_,34.26
rf\[11\]\[6\],34.26
rf\[15\]\[13\],34.26
rf\[7\]\[29\],34.24
_04493_,34.12
clknet_0__04492_,34.1
rf\[24\]\[15\],34
_03361_,33.96
rf\[21\]\[25\],33.88
_04165_,33.84
rf\[25\]\[8\],33.83
rf\[9\]\[29\],33.82
rf\[20\]\[8\],33.8
rf\[19\]\[8\],33.66
_03292_,33.62
rf\[15\]\[29\],33.6
_04483_,33.58
rf\[29\]\[18\],33.58
rf\[10\]\[4\],33.57
rf\[4\]\[23\],33.44
_03710_,33.405
_03559_,33.4
_04445_,33.34
rf\[14\]\[22\],33.34
rf\[18\]\[28\],33.33
_04470_,33.32
rf\[30\]\[24\],33.31
clknet_0__04445_,33.3
rf\[19\]\[10\],33.28
_03440_,33.22
rf\[1\]\[18\],33.22
rf\[12\]\[14\],33.08
rf\[5\]\[11\],33.08
_03302_,33.06
rf\[17\]\[5\],33
rf\[28\]\[27\],33
rf\[29\]\[13\],33
rf\[15\]\[27\],32.98
rf\[16\]\[7\],32.98
clknet_0__04452_,32.98
rf\[22\]\[8\],32.905
_03202_,32.88
_04485_,32.88
rf\[28\]\[6\],32.86
rf\[29\]\[6\],32.85
_03488_,32.84
_03708_,32.84
rf\[14\]\[27\],32.79
rf\[4\]\[30\],32.74
rf\[5\]\[18\],32.66
rf\[8\]\[24\],32.66
rf\[14\]\[3\],32.655
_04192_,32.62
_03366_,32.54
_04228_,32.54
rf\[20\]\[20\],32.54
clknet_0__04502_,32.5
rf\[20\]\[14\],32.28
rf\[29\]\[19\],32.24
rf\[9\]\[17\],32.15
rf\[8\]\[28\],32.14
_03728_,32.08
_04497_,31.94
_04368_,31.9
_04484_,31.82
_03419_,31.78
rf\[16\]\[31\],31.78
rf\[28\]\[2\],31.78
rf\[20\]\[31\],31.76
_03987_,31.72
rf\[11\]\[27\],31.7
rf\[10\]\[3\],31.63
_03282_,31.62
_04029_,31.6
rf\[25\]\[11\],31.58
rf\[4\]\[17\],31.52
rf\[23\]\[27\],31.49
_04224_,31.32
rf\[8\]\[1\],31.32
rf\[10\]\[27\],31.315
rf\[4\]\[31\],31.3
rf\[29\]\[16\],31.29
clknet_0__04483_,31.28
_03295_,31.26
_04208_,31.24
rf\[20\]\[0\],31.24
rf\[7\]\[23\],31.2
rf\[6\]\[30\],31.19
rf\[11\]\[25\],31.12
rf\[7\]\[26\],31.115
clknet_0__04460_,31
clknet_0__04458_,31
rf\[20\]\[3\],30.98
rf\[2\]\[13\],30.925
clknet_0__04454_,30.88
rf\[13\]\[15\],30.82
rf\[17\]\[15\],30.72
rf\[29\]\[22\],30.68
clknet_0__04493_,30.68
rf\[21\]\[3\],30.62
_03743_,30.59
rf\[6\]\[11\],30.55
_04458_,30.54
clknet_0__04467_,30.54
rf\[2\]\[25\],30.515
rf\[30\]\[21\],30.485
rf\[21\]\[10\],30.46
rf\[21\]\[2\],30.46
rf\[8\]\[12\],30.44
rf\[23\]\[24\],30.4
rf\[2\]\[10\],30.4
clknet_0__04450_,30.4
rf\[12\]\[24\],30.38
rf\[31\]\[0\],30.38
rf\[21\]\[21\],30.36
rf\[5\]\[5\],30.36
_04081_,30.3
rf\[3\]\[13\],30.3
rf\[26\]\[3\],30.285
clknet_0__04464_,30.24
rf\[1\]\[19\],30.22
rf\[2\]\[14\],30.205
_03287_,30.2
_03347_,30.2
_03923_,30.2
_04472_,30.18
net21,30.16
clknet_0__04498_,30.16
_03396_,30.14
_04284_,30.12
_04312_,30.08
clknet_0__04466_,30.08
rf\[1\]\[12\],30.06
rf\[20\]\[25\],29.98
rf\[31\]\[3\],29.96
clknet_0__04462_,29.96
_03429_,29.905
clknet_0__04501_,29.9
rf\[2\]\[28\],29.87
_04160_,29.82
clknet_0__04488_,29.82
_03636_,29.76
_04134_,29.76
rf\[7\]\[2\],29.76
_03311_,29.72
_03342_,29.64
clknet_0__04456_,29.62
rf\[26\]\[6\],29.605
_03224_,29.6
rf\[14\]\[5\],29.345
rf\[7\]\[6\],29.34
rf\[5\]\[13\],29.3
_03997_,29.28
rf\[0\]\[16\],29.2
_04239_,29.18
rf\[17\]\[24\],29.18
rf\[3\]\[2\],29.12
_03527_,29.1
rf\[14\]\[4\],29.01
_04476_,28.98
_04199_,28.94
rf\[31\]\[25\],28.94
rf\[2\]\[3\],28.905
_03809_,28.9
rf\[17\]\[4\],28.86
rf\[0\]\[15\],28.8
_03511_,28.78
rf\[30\]\[1\],28.735
rf\[31\]\[19\],28.68
rf\[1\]\[6\],28.66
_03481_,28.64
_04498_,28.64
rf\[23\]\[30\],28.64
_03791_,28.62
rf\[16\]\[30\],28.62
rf\[17\]\[9\],28.58
_03714_,28.56
_03089_,28.48
rf\[17\]\[10\],28.44
rf\[17\]\[6\],28.42
_03543_,28.4
_04157_,28.4
rf\[23\]\[1\],28.36
rf\[6\]\[5\],28.345
rf\[9\]\[27\],28.32
rf\[29\]\[12\],28.26
clknet_0__04487_,28.24
net22,28.2
rf\[19\]\[18\],28.16
_04440_,28.14
rf\[13\]\[17\],28.08
_03389_,28.05
rf\[9\]\[10\],28.04
rf\[20\]\[5\],27.94
rf\[28\]\[19\],27.94
rf\[16\]\[11\],27.92
rf\[22\]\[12\],27.905
rf\[20\]\[13\],27.8
_03548_,27.78
clknet_0__04480_,27.78
rf\[6\]\[13\],27.77
rf\[2\]\[19\],27.75
rf\[17\]\[3\],27.74
clknet_0__04491_,27.74
clknet_0__04474_,27.74
rf\[7\]\[27\],27.68
rf\[9\]\[7\],27.64
clknet_0__04469_,27.64
_04463_,27.6
_03830_,27.56
rf\[21\]\[22\],27.52
_04439_,27.48
rf\[15\]\[26\],27.48
rf\[25\]\[5\],27.48
_03952_,27.46
_03467_,27.44
rf\[7\]\[19\],27.42
rf\[30\]\[2\],27.415
_04147_,27.4
_03920_,27.34
rf\[8\]\[22\],27.34
_03794_,27.3
_04137_,27.27
rf\[24\]\[13\],27.26
_04238_,27.24
rf\[4\]\[20\],27.24
rf\[16\]\[29\],27.18
rf\[12\]\[29\],27.16
_03348_,27.1
_03544_,26.98
rf\[20\]\[15\],26.94
rf\[31\]\[14\],26.94
rf\[6\]\[24\],26.925
_04256_,26.84
rf\[28\]\[25\],26.84
net16,26.7
rf\[15\]\[2\],26.68
_03509_,26.64
clknet_0__04451_,26.54
clknet_0__04475_,26.48
_03344_,26.46
_04184_,26.46
rf\[19\]\[14\],26.44
rf\[29\]\[24\],26.44
net19,26.44
rf\[28\]\[22\],26.38
_03895_,26.32
rf\[30\]\[22\],26.305
rf\[2\]\[12\],26.21
_03654_,26.16
_03214_,26.1
rf\[16\]\[5\],26.1
_04460_,26
_04220_,25.98
rf\[10\]\[22\],25.955
rf\[21\]\[23\],25.88
_04501_,25.84
rf\[23\]\[0\],25.84
_03334_,25.83
rf\[9\]\[25\],25.8
_03438_,25.785
rf\[21\]\[9\],25.78
rf\[24\]\[19\],25.76
_03557_,25.74
_03785_,25.66
rf\[1\]\[20\],25.62
_04061_,25.54
_04332_,25.44
_03915_,25.42
_04474_,25.42
_04106_,25.38
_04022_,25.36
_03376_,25.34
_03520_,25.34
_04296_,25.34
_04132_,25.3
rf\[31\]\[20\],25.3
clknet_0__04497_,25.3
_04295_,25.22
rf\[0\]\[18\],25.2
rf\[8\]\[25\],25.2
_04253_,25.19
rf\[6\]\[23\],25.185
_04502_,25.175
_03667_,25.14
rf\[22\]\[28\],25.13
rf\[12\]\[18\],25.08
rf\[1\]\[7\],24.92
rf\[22\]\[13\],24.905
rf\[30\]\[9\],24.88
rf\[27\]\[29\],24.74
_03750_,24.66
rf\[17\]\[28\],24.6
_03782_,24.5
rf\[0\]\[27\],24.46
rf\[5\]\[3\],24.46
rf\[2\]\[11\],24.43
rf\[28\]\[5\],24.42
_03720_,24.38
rf\[27\]\[16\],24.38
clknet_0__04482_,24.34
_02949_,24.3
rf\[5\]\[22\],24.28
rf\[19\]\[6\],24.275
rf\[2\]\[17\],24.255
rf\[22\]\[27\],24.25
_03230_,24.19
_03209_,24.16
clknet_0__04495_,24.16
clknet_0__04494_,24.1
rf\[20\]\[16\],24.06
rf\[0\]\[20\],24.04
rf\[10\]\[18\],23.97
rf\[1\]\[13\],23.915
_04008_,23.84
_03283_,23.82
rf\[10\]\[6\],23.77
rf\[27\]\[25\],23.74
rf\[9\]\[24\],23.72
rf\[6\]\[29\],23.71
rf\[17\]\[16\],23.7
rf\[21\]\[4\],23.7
rf\[17\]\[12\],23.68
rf\[14\]\[20\],23.655
rf\[4\]\[27\],23.62
rf\[31\]\[6\],23.58
rf\[9\]\[1\],23.58
_03450_,23.54
rf\[15\]\[20\],23.54
rf\[23\]\[9\],23.52
rf\[30\]\[23\],23.51
rf\[9\]\[11\],23.5
rf\[7\]\[5\],23.48
_03538_,23.42
_04467_,23.38
net58,23.34
rf\[4\]\[26\],23.3
_03664_,23.295
_03680_,23.28
rf\[17\]\[23\],23.28
rf\[31\]\[5\],23.22
rf\[0\]\[25\],23.14
rf\[19\]\[12\],23.08
rf\[0\]\[13\],23.07
rf\[19\]\[31\],23.06
rf\[28\]\[10\],23.04
rf\[4\]\[24\],23.04
rf\[31\]\[1\],23.01
rf\[4\]\[28\],22.94
clknet_0__04486_,22.92
rf\[10\]\[28\],22.885
rf\[10\]\[0\],22.87
rf\[14\]\[29\],22.87
rf\[28\]\[30\],22.86
rf\[9\]\[9\],22.82
rf\[13\]\[11\],22.8
rf\[11\]\[28\],22.76
rf\[21\]\[7\],22.76
net17,22.72
rf\[29\]\[17\],22.7
rf\[7\]\[8\],22.7
net18,22.68
rf\[2\]\[31\],22.65
_03766_,22.52
clknet_0__04477_,22.5
_03249_,22.42
_03729_,22.405
rf\[14\]\[17\],22.405
_03401_,22.4
rf\[11\]\[7\],22.4
clknet_0__04472_,22.4
_03919_,22.38
rf\[16\]\[1\],22.34
rf\[19\]\[21\],22.32
_02640_,22.24
_04444_,22.24
rf\[23\]\[23\],22.14
rf\[1\]\[29\],22.1
_03452_,22
_04123_,22
rf\[1\]\[17\],21.96
_04321_,21.94
wr_data_i[7],21.9
rf\[14\]\[24\],21.885
_04128_,21.88
rf\[9\]\[0\],21.86
rf\[20\]\[17\],21.8
_03806_,21.78
clknet_0__04485_,21.78
rf\[5\]\[1\],21.76
rf\[6\]\[10\],21.715
_04003_,21.66
rf\[18\]\[6\],21.65
rf\[30\]\[18\],21.625
rf\[0\]\[24\],21.62
rf\[9\]\[2\],21.62
rf\[2\]\[6\],21.605
_03666_,21.58
rf\[13\]\[12\],21.58
clknet_0__04453_,21.56
rf\[6\]\[26\],21.545
_03408_,21.54
_03692_,21.48
rf\[27\]\[31\],21.48
_04016_,21.46
_03393_,21.425
rf\[18\]\[23\],21.415
rf\[10\]\[23\],21.395
_03955_,21.36
_04327_,21.36
rf\[22\]\[14\],21.35
rf\[20\]\[29\],21.32
rf\[10\]\[5\],21.31
rf\[1\]\[21\],21.22
rf\[12\]\[22\],21.2
rf\[13\]\[24\],21.2
rf\[17\]\[20\],21.2
_03778_,21.14
rf\[4\]\[19\],21.12
rf\[30\]\[26\],21.105
clknet_0__04471_,21.1
rf\[22\]\[20\],21.05
rf\[1\]\[5\],21.02
rf\[20\]\[1\],21.02
rf\[27\]\[28\],21
rf\[5\]\[2\],21
rf\[28\]\[16\],20.98
rf\[21\]\[5\],20.96
_04348_,20.92
_03816_,20.86
rf\[2\]\[9\],20.845
_04222_,20.84
rf\[27\]\[15\],20.84
_03412_,20.78
rf\[17\]\[19\],20.78
_02295_,20.77
rf\[31\]\[11\],20.76
rf\[10\]\[19\],20.75
clknet_0__04461_,20.7
_03988_,20.68
rf\[22\]\[11\],20.665
_04481_,20.66
rf\[15\]\[23\],20.66
rf\[28\]\[4\],20.66
rf\[10\]\[17\],20.645
rf\[13\]\[7\],20.64
rf\[7\]\[11\],20.62
_03939_,20.605
_03306_,20.58
rf\[13\]\[9\],20.58
rf\[15\]\[19\],20.57
rf\[6\]\[31\],20.565
_03891_,20.54
rf\[23\]\[21\],20.48
rf\[9\]\[16\],20.48
rf\[10\]\[2\],20.47
_04216_,20.44
rf\[16\]\[3\],20.4
rf\[13\]\[6\],20.37
rf\[12\]\[28\],20.3
_03470_,20.21
_01970_,20.2
rf\[21\]\[8\],20.2
rf\[9\]\[30\],20.18
_04367_,20.1
rf\[19\]\[17\],20.07
_04461_,20.06
_04478_,19.98
rf\[1\]\[30\],19.96
rf\[19\]\[3\],19.94
rf\[28\]\[21\],19.94
rf\[2\]\[20\],19.925
_04271_,19.88
net242,19.86
_04189_,19.86
_04318_,19.86
rf\[12\]\[25\],19.86
rf\[9\]\[13\],19.86
clknet_0__04448_,19.86
rf\[7\]\[16\],19.84
rf\[22\]\[15\],19.835
_03484_,19.82
clknet_0__04463_,19.78
_03902_,19.765
_02117_,19.76
_03570_,19.76
_04069_,19.76
_04500_,19.64
rf\[5\]\[6\],19.64
_04454_,19.6
_03493_,19.58
rf\[1\]\[15\],19.56
rf\[28\]\[12\],19.52
_03948_,19.475
rf\[19\]\[30\],19.44
rf\[20\]\[28\],19.44
rf\[6\]\[2\],19.385
_04404_,19.38
rf\[13\]\[8\],19.36
rf\[19\]\[15\],19.36
rf\[25\]\[10\],19.35
_04194_,19.34
rf\[13\]\[16\],19.34
rf\[0\]\[26\],19.3
clknet_0__04500_,19.3
_03399_,19.28
_04236_,19.28
rf\[18\]\[22\],19.27
rf\[2\]\[4\],19.265
rf\[12\]\[27\],19.26
rf\[7\]\[12\],19.26
rf\[6\]\[28\],19.205
rf\[27\]\[23\],19.16
rf\[17\]\[0\],19.14
rf\[22\]\[16\],19.125
_04450_,19.12
rf\[27\]\[26\],19.12
_01106_,19.105
rf\[7\]\[20\],19.06
rf\[1\]\[3\],19
rf\[13\]\[3\],18.995
rf\[27\]\[21\],18.92
rf\[2\]\[7\],18.905
rf\[7\]\[17\],18.86
rf\[23\]\[22\],18.84
_04453_,18.82
clknet_0__04455_,18.76
clknet_0__04459_,18.74
rf\[10\]\[13\],18.715
rf\[6\]\[1\],18.7
rf\[10\]\[30\],18.685
_04451_,18.68
rf\[9\]\[19\],18.68
_04162_,18.64
rf\[4\]\[22\],18.64
rf\[13\]\[4\],18.62
_03855_,18.6
rf\[13\]\[29\],18.58
rf\[1\]\[11\],18.52
rf\[18\]\[25\],18.51
_04041_,18.48
net39,18.48
clknet_0__04473_,18.46
rf\[23\]\[26\],18.44
rf\[13\]\[13\],18.38
rf\[26\]\[2\],18.35
_03705_,18.34
rf\[28\]\[14\],18.3
rf\[9\]\[22\],18.28
_03647_,18.26
rf\[22\]\[9\],18.205
rf\[13\]\[2\],18.18
rf\[21\]\[6\],18.14
_01781_,18.105
rf\[19\]\[9\],18.1
rf\[27\]\[18\],18.08
rf\[5\]\[0\],18.08
rf\[14\]\[19\],18.06
rf\[18\]\[24\],18.03
rf\[27\]\[24\],18.03
_03721_,18.02
_04263_,18.02
rf\[14\]\[28\],17.98
_04412_,17.91
_03715_,17.9
clknet_0__04478_,17.9
rf\[14\]\[15\],17.89
_04101_,17.88
rf\[21\]\[0\],17.88
rf\[28\]\[24\],17.86
net37,17.82
clknet_0__04499_,17.78
_02152_,17.72
_04459_,17.68
rf\[9\]\[18\],17.68
_03985_,17.66
rf\[13\]\[1\],17.66
_04120_,17.64
rf\[17\]\[8\],17.62
rf\[18\]\[29\],17.595
rf\[10\]\[25\],17.575
_03459_,17.56
rf\[9\]\[15\],17.5
_04065_,17.4
rf\[18\]\[30\],17.35
_03773_,17.34
rf\[19\]\[13\],17.32
rf\[1\]\[16\],17.22
rf\[23\]\[20\],17.18
rf\[8\]\[20\],17.08
rf\[27\]\[19\],17.04
rf\[0\]\[29\],17.02
rf\[17\]\[2\],16.96
rf\[12\]\[26\],16.92
rf\[23\]\[16\],16.835
rf\[17\]\[26\],16.8
rf\[27\]\[30\],16.8
_04371_,16.76
rf\[5\]\[4\],16.76
rf\[24\]\[16\],16.72
rf\[4\]\[25\],16.72
rf\[5\]\[9\],16.72
_04447_,16.7
rf\[9\]\[12\],16.7
_04464_,16.68
_02622_,16.66
_03435_,16.64
rf\[28\]\[23\],16.64
rf\[18\]\[31\],16.63
rf\[2\]\[22\],16.615
rf\[26\]\[5\],16.605
_04212_,16.5
_04432_,16.48
rf\[10\]\[29\],16.48
rf\[20\]\[6\],16.48
rf\[9\]\[23\],16.48
rf\[0\]\[31\],16.44
rf\[16\]\[15\],16.44
rf\[10\]\[31\],16.43
_03657_,16.42
_04034_,16.42
_04486_,16.42
rf\[18\]\[27\],16.415
_04233_,16.38
net38,16.33
rf\[23\]\[25\],16.28
rf\[19\]\[7\],16.26
rf\[2\]\[21\],16.14
_02187_,16.12
rf\[17\]\[13\],16.12
net107,16.1
rf\[1\]\[14\],16.06
rf\[3\]\[1\],15.98
wr_data_i[5],15.96
rf\[9\]\[8\],15.94
_03113_,15.92
_04105_,15.92
rf\[7\]\[15\],15.9
_04419_,15.895
_03184_,15.88
_04462_,15.88
rf\[7\]\[4\],15.86
rf\[22\]\[19\],15.845
rf\[14\]\[0\],15.755
rf\[30\]\[20\],15.725
rf\[29\]\[21\],15.72
_04277_,15.7
_04491_,15.68
rf\[19\]\[4\],15.68
rf\[20\]\[4\],15.68
rf\[10\]\[24\],15.67
rf\[30\]\[0\],15.655
wr_data_i[16],15.62
rf\[10\]\[21\],15.6
rf\[15\]\[24\],15.6
rf\[2\]\[15\],15.58
_04149_,15.54
_03645_,15.5
rf\[10\]\[26\],15.435
_04492_,15.42
_03517_,15.41
rf\[0\]\[19\],15.38
net76,15.38
rf\[18\]\[3\],15.37
_04179_,15.36
_03805_,15.34
_03864_,15.32
net20,15.32
_04235_,15.3
rf\[27\]\[20\],15.27
port1_data_o[29],15.26
_03417_,15.22
rf\[27\]\[17\],15.22
_02421_,15.16
_03677_,15.14
rf\[9\]\[28\],15.08
_03844_,14.98
rf\[12\]\[19\],14.96
rf\[15\]\[0\],14.96
_04266_,14.94
_02150_,14.92
rf\[7\]\[13\],14.92
rf\[15\]\[25\],14.88
rf\[17\]\[17\],14.84
rf\[19\]\[5\],14.83
rf\[4\]\[18\],14.8
port1_data_o[1],14.78
rf\[22\]\[30\],14.74
_04028_,14.72
_02426_,14.7
_03227_,14.68
_04043_,14.68
rf\[19\]\[16\],14.6
rf\[14\]\[18\],14.525
rf\[19\]\[11\],14.5
rf\[9\]\[5\],14.48
rf\[16\]\[4\],14.46
rf\[1\]\[9\],14.44
rf\[1\]\[4\],14.42
rf\[28\]\[13\],14.38
_03504_,14.36
_04417_,14.34
rf\[2\]\[30\],14.335
_04400_,14.24
_03924_,14.22
_03293_,14.2
rf\[12\]\[20\],14.18
rf\[13\]\[28\],14.18
rf\[27\]\[13\],14.18
rf\[27\]\[27\],14.14
_04146_,14.1
_04193_,14.09
_04456_,14.08
_04489_,14.08
_03338_,14.06
rf\[23\]\[18\],14
_03575_,13.98
rf\[4\]\[21\],13.92
_04267_,13.9
rf\[22\]\[17\],13.885
_02878_,13.88
rf\[7\]\[7\],13.88
_02259_,13.86
_03301_,13.8
_01527_,13.785
_02025_,13.785
_04097_,13.78
rf\[22\]\[10\],13.77
wr_data_i[2],13.74
rf\[7\]\[14\],13.72
_03811_,13.62
rf\[20\]\[2\],13.6
_02926_,13.56
_04276_,13.56
rf\[17\]\[18\],13.56
_03387_,13.52
rf\[0\]\[23\],13.52
_02442_,13.5
_02820_,13.48
net1073,13.46
_02566_,13.46
_03956_,13.44
port1_data_o[18],13.42
port1_data_o[25],13.4
_03237_,13.38
rf\[24\]\[14\],13.32
_02223_,13.18
_03057_,13.16
_03573_,13.16
_04355_,13.15
rf\[4\]\[16\],13.15
_01886_,13.145
rf\[14\]\[2\],13.07
_03819_,13.04
_04252_,13.04
rf\[27\]\[22\],13.02
rf\[13\]\[5\],13.01
rf\[8\]\[15\],13
_03526_,12.985
rf\[30\]\[19\],12.965
_03081_,12.96
_04357_,12.96
rf\[31\]\[12\],12.96
_02669_,12.94
_02909_,12.94
rf\[19\]\[20\],12.92
rf\[7\]\[3\],12.92
rf\[10\]\[20\],12.905
_02564_,12.9
_01109_,12.86
wr_data_i[20],12.86
wr_data_i[6],12.86
_03109_,12.84
rf\[16\]\[0\],12.8
rf\[9\]\[20\],12.8
_03633_,12.72
_04080_,12.7
_04201_,12.7
rf\[23\]\[19\],12.695
_03368_,12.68
rf\[22\]\[18\],12.67
_02107_,12.66
_02328_,12.64
rf\[17\]\[21\],12.62
net41,12.62
port1_data_o[4],12.6
net387,12.58
_03866_,12.56
_03921_,12.54
rf\[14\]\[26\],12.44
_02838_,12.42
rf\[4\]\[29\],12.42
_03310_,12.4
clknet_0__04470_,12.4
_04056_,12.38
port1_reg_i[2],12.38
wr_data_i[14],12.38
rf\[31\]\[23\],12.36
clknet_0__04484_,12.36
_01878_,12.345
_03668_,12.305
_03810_,12.28
port1_data_o[12],12.255
_01666_,12.205
_01835_,12.205
_02844_,12.18
_03928_,12.18
_02573_,12.08
_02871_,12.08
_04455_,12.04
port1_data_o[24],12.04
port1_data_o[26],12.04
net140,12
_04058_,11.985
_01806_,11.965
_03451_,11.96
wr_data_i[4],11.94
_03719_,11.9
wr_data_i[17],11.9
net15,11.84
rf\[31\]\[9\],11.835
_04294_,11.78
rf\[6\]\[0\],11.78
net169,11.74
_04246_,11.74
_03990_,11.73
_03542_,11.72
_01669_,11.705
_01879_,11.705
port1_data_o[11],11.7
_03871_,11.69
_02300_,11.68
_02177_,11.66
_02509_,11.66
rf\[1\]\[27\],11.66
_01119_,11.645
wr_data_i[23],11.6
_04131_,11.585
_02139_,11.56
_03313_,11.54
rf\[12\]\[30\],11.54
_03848_,11.5
_02407_,11.48
_02852_,11.48
_03077_,11.48
_01118_,11.425
_01241_,11.425
_02964_,11.42
_03983_,11.38
_03747_,11.365
_03795_,11.36
_04330_,11.36
wr_data_i[9],11.36
_04152_,11.32
_01091_,11.285
_02172_,11.28
rf\[19\]\[19\],11.28
_03266_,11.265
_02333_,11.26
_03502_,11.26
_02292_,11.24
_02665_,11.24
_02845_,11.24
_02913_,11.24
_02806_,11.2
rf\[12\]\[21\],11.18
_03025_,11.16
rf\[9\]\[6\],11.16
_02903_,11.14
_03235_,11.12
_04406_,11.12
port1_data_o[2],11.12
_04339_,11.11
rf\[13\]\[10\],11.08
_01313_,11.065
net42,11.04
_01991_,11.025
wr_reg_i[0],11.02
_01388_,11
_04001_,10.92
_04475_,10.92
_03325_,10.89
_03635_,10.89
_02853_,10.86
_02010_,10.85
_04074_,10.84
rf\[0\]\[30\],10.84
_02611_,10.82
_02558_,10.78
_01221_,10.745
net969,10.74
_02526_,10.74
_03170_,10.74
net637,10.72
_03120_,10.7
_03239_,10.7
_03519_,10.7
_03628_,10.7
_04427_,10.7
_03774_,10.68
_04004_,10.66
_01841_,10.605
rf\[30\]\[3\],10.595
_02719_,10.56
_02981_,10.56
_01183_,10.54
port1_reg_i[3],10.54
_04473_,10.48
_02490_,10.44
_02879_,10.44
net139,10.4
_02132_,10.4
_02603_,10.4
_03562_,10.4
_01543_,10.385
rf\[20\]\[7\],10.38
_02688_,10.36
_04200_,10.345
net170,10.32
_02343_,10.32
port1_data_o[10],10.32
port1_data_o[13],10.32
port1_data_o[15],10.32
port1_data_o[17],10.32
port1_data_o[19],10.32
port1_data_o[20],10.32
port1_data_o[21],10.32
port1_data_o[22],10.32
port1_data_o[23],10.32
port1_data_o[27],10.32
port1_data_o[28],10.32
port1_data_o[30],10.32
port1_data_o[31],10.32
port1_data_o[8],10.32
_01078_,10.305
_02345_,10.28
_04088_,10.28
_04068_,10.24
_01821_,10.205
net1012,10.2
_03246_,10.2
_04290_,10.2
port1_reg_i[1],10.2
port1_reg_i[4],10.2
rf\[28\]\[11\],10.16
_03930_,10.14
_04020_,10.12
_02417_,10.1
wr_data_i[8],10.1
port1_reg_i[0],10.08
_03688_,10.04
_01664_,10.035
_01792_,10.02
_04322_,10.02
_04007_,10
rf\[12\]\[31\],10
net126,9.98
net235,9.98
net864,9.98
net952,9.98
net993,9.98
_04385_,9.98
_01786_,9.945
_03802_,9.945
_02311_,9.94
_01779_,9.905
_02193_,9.9
_02574_,9.9
_04085_,9.88
_02210_,9.86
_03676_,9.86
port1_data_o[0],9.86
port1_data_o[14],9.86
port1_data_o[16],9.86
port1_data_o[3],9.86
port1_data_o[5],9.86
port1_data_o[6],9.86
port1_data_o[7],9.86
port1_data_o[9],9.86
_01127_,9.825
_01963_,9.825
net465,9.82
_02071_,9.82
_02535_,9.82
_03606_,9.82
_02934_,9.8
_01921_,9.785
_03395_,9.78
_03907_,9.77
wr_data_i[26],9.76
_02356_,9.74
_01984_,9.725
_03240_,9.7
rf\[17\]\[1\],9.7
_01504_,9.685
_02197_,9.68
rf\[13\]\[14\],9.68
net40,9.68
_04108_,9.65
wr_data_i[11],9.64
wr_reg_i[1],9.64
_04142_,9.6
rf\[22\]\[24\],9.58
_03279_,9.51
_02892_,9.5
_03136_,9.5
_04175_,9.49
_04186_,9.485
net922,9.48
_02265_,9.48
_02700_,9.48
_02931_,9.48
_02462_,9.47
_02276_,9.44
_02562_,9.44
_02136_,9.42
_02841_,9.42
_03007_,9.42
_01449_,9.405
_02940_,9.4
_04375_,9.4
_02113_,9.36
_02681_,9.36
_02911_,9.36
_04038_,9.36
_02505_,9.32
_02507_,9.32
_02708_,9.32
_03309_,9.31
_01032_,9.3
wr_data_i[24],9.3
wr_data_i[25],9.3
wr_data_i[27],9.3
wr_data_i[28],9.3
wr_data_i[29],9.3
wr_data_i[30],9.3
wr_reg_i[3],9.3
_02644_,9.28
_01972_,9.26
_02857_,9.26
_03256_,9.26
net14,9.26
_01115_,9.18
wr_data_i[12],9.18
wr_data_i[19],9.18
rf\[1\]\[10\],9.16
_01665_,9.125
_03911_,9.12
_01147_,9.115
rf\[27\]\[14\],9.08
_01257_,9.065
_03105_,9.06
net731,9.02
_03174_,9.02
_04083_,8.99
net806,8.98
_02279_,8.96
_02367_,8.96
_02973_,8.96
net872,8.94
_02885_,8.94
net70,8.94
port2_data_o[20],8.93
rf\[9\]\[14\],8.92
_01196_,8.905
net197,8.9
_03619_,8.9
rf\[12\]\[23\],8.9
net55,8.9
_04052_,8.88
_01858_,8.865
_02495_,8.86
_03437_,8.84
_03641_,8.84
_03820_,8.84
_04495_,8.84
wr_en_i,8.84
wr_reg_i[2],8.84
wr_reg_i[4],8.84
_02378_,8.82
_02709_,8.82
_01303_,8.785
_01626_,8.78
_03381_,8.78
_01776_,8.765
_02645_,8.74
wr_data_i[0],8.72
wr_data_i[10],8.72
wr_data_i[13],8.72
wr_data_i[15],8.72
wr_data_i[18],8.72
wr_data_i[1],8.72
wr_data_i[21],8.72
wr_data_i[22],8.72
wr_data_i[31],8.72
wr_data_i[3],8.72
_04110_,8.68
_01933_,8.665
net1101,8.66
_02326_,8.66
_03967_,8.66
_01651_,8.625
_03694_,8.625
_03780_,8.615
net454,8.6
_03035_,8.6
_03392_,8.6
_02922_,8.58
_03530_,8.58
net180,8.56
_02457_,8.56
_02971_,8.56
_01652_,8.545
_01128_,8.525
_01483_,8.525
net865,8.52
_02093_,8.52
_02181_,8.52
_02707_,8.52
net620,8.5
_01780_,8.5
_01126_,8.485
_01718_,8.485
_02231_,8.48
_02525_,8.48
_02588_,8.48
_02987_,8.48
_03014_,8.48
_04079_,8.48
_04494_,8.48
net282,8.44
net897,8.44
_02406_,8.44
_02422_,8.44
_02474_,8.44
_02510_,8.44
_02742_,8.44
_02795_,8.44
_02992_,8.44
_03257_,8.44
_04373_,8.44
net256,8.42
_03539_,8.405
net686,8.4
_02384_,8.4
_02438_,8.4
_02496_,8.4
_02854_,8.4
_03477_,8.4
_01880_,8.38
_03228_,8.38
net133,8.36
_02376_,8.36
_02616_,8.36
_01840_,8.32
net163,8.3
_03145_,8.3
_03812_,8.3
net496,8.28
net539,8.28
_03350_,8.28
_04019_,8.28
_01330_,8.265
_01547_,8.265
_01586_,8.265
_04306_,8.22
_01365_,8.205
_03690_,8.18
_01397_,8.165
net305,8.16
_01036_,8.155
_01739_,8.155
_01554_,8.145
net298,8.14
net368,8.14
net150,8.14
_02826_,8.14
_03021_,8.14
_03508_,8.14
_03656_,8.14
_02065_,8.12
_02380_,8.12
_03100_,8.12
_01490_,8.105
net852,8.1
_02141_,8.1
_02301_,8.1
_02636_,8.1
_02757_,8.1
_04323_,8.1
_01526_,8.085
_01062_,8.065
_01227_,8.065
_02346_,8.06
_02619_,8.06
_02697_,8.06
_02799_,8.06
_03111_,8.04
_01287_,8.025
_01904_,8.025
net157,8.02
_02085_,8.02
net317,8
_02285_,8
net761,7.98
net777,7.98
net934,7.98
_02176_,7.98
_02319_,7.98
_02447_,7.98
_02477_,7.98
_02715_,7.98
_02793_,7.98
_02914_,7.98
_03593_,7.98
_03752_,7.98
_04353_,7.98
_04229_,7.95
net844,7.94
_02290_,7.94
_02604_,7.94
_03096_,7.94
_03652_,7.94
_03736_,7.94
_01487_,7.925
_01622_,7.92
_04099_,7.91
_02143_,7.9
_02436_,7.9
_03079_,7.9
_02679_,7.88
_03253_,7.86
_01148_,7.845
port2_reg_i[0],7.83
_01763_,7.825
net640,7.82
_03740_,7.82
_01957_,7.815
net1135,7.78
_04247_,7.78
_01721_,7.775
_01907_,7.765
_01026_,7.745
net36,7.74
_03661_,7.72
net760,7.68
_02338_,7.68
net514,7.64
net752,7.64
_02829_,7.64
_02863_,7.64
_02979_,7.64
_04281_,7.64
_04378_,7.64
_01653_,7.625
_01646_,7.615
_02111_,7.6
_02140_,7.6
_02163_,7.6
_02400_,7.6
_02626_,7.6
_01070_,7.565
_01558_,7.565
net677,7.56
_02155_,7.56
_02174_,7.56
_02924_,7.56
_02988_,7.56
_03030_,7.56
_03033_,7.56
_03117_,7.56
_03194_,7.56
_04387_,7.555
net545,7.52
net617,7.52
net645,7.52
net132,7.52
_02332_,7.52
_02618_,7.52
_02705_,7.52
_02778_,7.52
_03086_,7.52
_03824_,7.52
_04326_,7.52
_04381_,7.52
_01551_,7.515
_03981_,7.505
_02849_,7.5
_03411_,7.5
net918,7.48
_02317_,7.48
_02488_,7.48
_02546_,7.48
_02664_,7.48
_02851_,7.48
_01411_,7.46
net449,7.44
net822,7.44
_02159_,7.44
_02180_,7.44
_02549_,7.44
_02666_,7.44
_02862_,7.44
_02902_,7.44
_02283_,7.42
net721,7.4
_03837_,7.4
_01869_,7.385
_01949_,7.385
_01863_,7.365
_01754_,7.345
net921,7.32
_03621_,7.315
_03456_,7.3
_01132_,7.285
_03673_,7.28
_01363_,7.24
_03828_,7.24
net748,7.22
net817,7.22
_02175_,7.22
_02298_,7.22
_02652_,7.22
_02759_,7.22
_03137_,7.22
net511,7.2
_02410_,7.2
_02815_,7.2
_03611_,7.2
net240,7.18
net275,7.18
net280,7.18
net485,7.18
net570,7.18
net742,7.18
net1014,7.18
_02302_,7.18
_02321_,7.18
_02379_,7.18
_02630_,7.18
_02807_,7.18
_03116_,7.18
_04341_,7.18
_01043_,7.165
_01430_,7.165
_02995_,7.16
_01033_,7.145
_01280_,7.145
_01369_,7.145
_01469_,7.145
_01816_,7.145
_01884_,7.145
_01948_,7.145
_01977_,7.145
_03798_,7.145
_03036_,7.14
_03183_,7.14
port2_data_o[17],7.13
_01093_,7.105
_01408_,7.105
net871,7.1
_02198_,7.1
_02455_,7.1
_02792_,7.1
_02834_,7.1
_02868_,7.1
_02910_,7.1
_02974_,7.1
_03067_,7.1
_03130_,7.1
_03156_,7.1
_02473_,7.08
net13,7.08
net471,7.06
net960,7.06
_02452_,7.06
_03038_,7.06
_03276_,7.06
_03074_,7.04
_01094_,7.015
_03869_,7
_04090_,6.99
_04245_,6.99
_01069_,6.985
_01599_,6.985
_02208_,6.98
_02620_,6.98
_02938_,6.98
_02969_,6.98
_03139_,6.98
_03169_,6.98
_03371_,6.975
_03999_,6.975
_01616_,6.96
_01947_,6.96
_02959_,6.96
_02123_,6.92
_04413_,6.92
net787,6.9
port2_data_o[26],6.89
_03443_,6.87
_03480_,6.87
_03423_,6.84
_03648_,6.84
_01177_,6.825
_01239_,6.825
_01433_,6.825
clk_i,6.79
net487,6.76
net723,6.76
net983,6.76
net1028,6.76
_02167_,6.76
_02288_,6.76
_02445_,6.76
_02893_,6.76
_02929_,6.76
_02970_,6.76
_02999_,6.76
_03009_,6.76
_03039_,6.76
_03164_,6.76
_03286_,6.76
_04389_,6.76
_01041_,6.725
_01659_,6.725
_01982_,6.725
net278,6.72
net366,6.72
net505,6.72
net730,6.72
net744,6.72
net947,6.72
net1006,6.72
_02271_,6.72
_02350_,6.72
_02600_,6.72
_02672_,6.72
_02898_,6.72
_03044_,6.72
_03732_,6.72
_03787_,6.72
_01381_,6.705
_01609_,6.705
_01844_,6.705
_01178_,6.685
_02762_,6.66
_04150_,6.66
_01155_,6.645
_01379_,6.645
_01968_,6.645
net343,6.64
net616,6.64
net635,6.64
net755,6.64
net802,6.64
net943,6.64
_02081_,6.64
_02232_,6.64
_02565_,6.64
_02804_,6.64
_02994_,6.64
_03027_,6.64
_03102_,6.64
_03153_,6.64
_04344_,6.64
_01185_,6.625
_01187_,6.625
_01638_,6.625
net1024,6.62
net196,6.6
net664,6.6
_02130_,6.6
_02309_,6.6
_02310_,6.6
_02518_,6.6
_02578_,6.6
_02610_,6.6
_02732_,6.6
_03114_,6.6
_03564_,6.6
_03649_,6.6
_04060_,6.6
_04171_,6.6
_04396_,6.6
_03576_,6.595
_02312_,6.58
_03167_,6.58
_01980_,6.565
port2_data_o[24],6.55
port2_data_o[28],6.55
port2_data_o[4],6.55
_01263_,6.545
_01116_,6.525
_01538_,6.525
_02254_,6.52
_02527_,6.52
_02609_,6.52
_02722_,6.52
_02730_,6.52
_04408_,6.52
_02122_,6.5
_02803_,6.5
_03642_,6.5
_01264_,6.465
_01270_,6.465
_01284_,6.465
_01477_,6.465
_01903_,6.445
port2_data_o[2],6.43
_01298_,6.425
_01801_,6.425
_01191_,6.42
_03528_,6.38
_03760_,6.38
_04243_,6.38
_01063_,6.365
_01165_,6.365
_01362_,6.365
_01367_,6.365
_01426_,6.365
_01478_,6.365
_01575_,6.365
_01591_,6.365
_01680_,6.365
_01901_,6.365
_02017_,6.365
port2_reg_i[3],6.31
_01618_,6.305
_01713_,6.305
net127,6.3
net228,6.3
net234,6.3
net382,6.3
net489,6.3
net528,6.3
net846,6.3
net932,6.3
net136,6.3
_02148_,6.3
_02149_,6.3
_02324_,6.3
_02479_,6.3
_02624_,6.3
_02653_,6.3
_02805_,6.3
_02937_,6.3
_02967_,6.3
_03016_,6.3
_03046_,6.3
_02614_,6.28
_03138_,6.28
_03560_,6.28
_01647_,6.265
net118,6.26
net421,6.26
net813,6.26
net896,6.26
net945,6.26
net970,6.26
_02381_,6.26
_02388_,6.26
_02648_,6.26
_02670_,6.26
_02680_,6.26
_02692_,6.26
_02699_,6.26
_02706_,6.26
_02774_,6.26
_02783_,6.26
_02855_,6.26
_03008_,6.26
_03042_,6.26
_03083_,6.26
_03977_,6.26
_01675_,6.24
_01315_,6.235
_01249_,6.225
_01371_,6.225
_01570_,6.225
_01751_,6.225
_01973_,6.225
_02034_,6.225
_02818_,6.2
_01172_,6.185
_01511_,6.185
net262,6.18
net263,6.18
net386,6.18
net503,6.18
net554,6.18
net747,6.18
_02105_,6.18
_02291_,6.18
_02464_,6.18
_02483_,6.18
_02531_,6.18
_02770_,6.18
_02775_,6.18
_02912_,6.18
_02941_,6.18
_03823_,6.18
_04487_,6.18
_01738_,6.16
_04094_,6.145
net1015,6.14
_02194_,6.14
_02196_,6.14
_02268_,6.14
_02363_,6.14
_02449_,6.14
_02451_,6.14
_02532_,6.14
_02575_,6.14
_02673_,6.14
_04337_,6.14
_01864_,6.125
_02103_,6.12
_02366_,6.12
_02458_,6.12
_01161_,6.105
_01340_,6.065
_01820_,6.065
net833,6.06
_02145_,6.06
_01813_,6.04
_01184_,6.005
_01266_,6.005
_01654_,6.005
_01698_,6.005
_02042_,6.005
_03475_,5.98
port2_reg_i[1],5.97
_01405_,5.965
_01560_,5.965
_01619_,5.965
_01755_,5.965
_04366_,5.96
net379,5.94
_02597_,5.94
_01833_,5.935
_04240_,5.92
_03466_,5.9
_01064_,5.895
_01720_,5.885
net888,5.86
_01390_,5.845
net492,5.84
net561,5.84
net722,5.84
net797,5.84
net1029,5.84
net1128,5.84
_02272_,5.84
_02274_,5.84
_02515_,5.84
_02654_,5.84
_02986_,5.84
_03075_,5.84
_03084_,5.84
_03607_,5.84
_04045_,5.84
_02377_,5.82
_02886_,5.82
_04047_,5.81
_01113_,5.805
net230,5.8
net244,5.8
net376,5.8
net672,5.8
_02073_,5.8
_02126_,5.8
_02138_,5.8
_02156_,5.8
_02282_,5.8
_02305_,5.8
_02334_,5.8
_02453_,5.8
_02485_,5.8
_02504_,5.8
_02683_,5.8
_02794_,5.8
_02869_,5.8
_02945_,5.8
_02952_,5.8
_03001_,5.8
_03032_,5.8
_03133_,5.8
_03148_,5.8
_01180_,5.785
_01112_,5.765
_01295_,5.765
_01333_,5.765
_01443_,5.765
_01517_,5.765
_01580_,5.765
port2_data_o[0],5.75
port2_data_o[10],5.75
port2_data_o[12],5.75
port2_data_o[14],5.75
port2_data_o[16],5.75
port2_data_o[18],5.75
port2_data_o[22],5.75
port2_data_o[30],5.75
port2_data_o[6],5.75
port2_data_o[8],5.75
_02424_,5.74
_02577_,5.74
_03101_,5.74
_01169_,5.725
_01308_,5.725
net232,5.72
_02147_,5.72
_02227_,5.72
_02362_,5.72
_02594_,5.72
_02801_,5.72
_02933_,5.72
_02997_,5.72
_03703_,5.72
net67,5.72
_02077_,5.68
_02233_,5.68
_02244_,5.68
_02246_,5.68
_02247_,5.68
_02270_,5.68
_02284_,5.68
_02413_,5.68
_02466_,5.68
_02478_,5.68
_02545_,5.68
_02659_,5.68
_02713_,5.68
_02748_,5.68
_02788_,5.68
_02812_,5.68
_02837_,5.68
_02955_,5.68
_03104_,5.68
_03123_,5.68
_03140_,5.68
_03147_,5.68
_03215_,5.68
_03727_,5.68
_02523_,5.66
_01422_,5.645
_01489_,5.625
_01750_,5.605
_01803_,5.605
_01827_,5.605
_02013_,5.605
net877,5.6
_02083_,5.6
_02322_,5.6
_02962_,5.6
_01889_,5.58
_01990_,5.58
_01545_,5.545
port2_data_o[1],5.53
port2_data_o[9],5.53
_01051_,5.52
_01301_,5.505
_01706_,5.505
_01830_,5.505
_01955_,5.505
_01960_,5.505
_01838_,5.5
_03873_,5.5
net902,5.48
_01372_,5.475
_02023_,5.445
_03900_,5.44
_01045_,5.435
_01492_,5.435
_01567_,5.435
_01891_,5.435
_01042_,5.425
_01524_,5.425
net267,5.38
net493,5.38
net507,5.38
net508,5.38
net552,5.38
net935,5.38
net137,5.38
_02164_,5.38
_02281_,5.38
_02306_,5.38
_02470_,5.38
_02524_,5.38
_02530_,5.38
_02608_,5.38
_02661_,5.38
_02797_,5.38
_02802_,5.38
_02822_,5.38
_02965_,5.38
_03163_,5.38
_03884_,5.38
_04261_,5.38
_02663_,5.36
_03154_,5.36
_01294_,5.345
_01549_,5.345
_01782_,5.345
_02021_,5.345
net129,5.34
net220,5.34
net277,5.34
net344,5.34
net359,5.34
net361,5.34
net369,5.34
net400,5.34
net414,5.34
net437,5.34
net575,5.34
net585,5.34
net610,5.34
net618,5.34
net667,5.34
net679,5.34
net687,5.34
net688,5.34
net693,5.34
net697,5.34
net749,5.34
net765,5.34
net798,5.34
net804,5.34
net819,5.34
net854,5.34
net905,5.34
net912,5.34
net953,5.34
net964,5.34
net985,5.34
net988,5.34
net1068,5.34
net1098,5.34
net141,5.34
net156,5.34
_02067_,5.34
_02214_,5.34
_02258_,5.34
_02348_,5.34
_02355_,5.34
_02405_,5.34
_02493_,5.34
_02506_,5.34
_02551_,5.34
_02559_,5.34
_02580_,5.34
_02667_,5.34
_02721_,5.34
_02731_,5.34
_02735_,5.34
_02771_,5.34
_02776_,5.34
_02825_,5.34
_02866_,5.34
_02908_,5.34
_02932_,5.34
_03066_,5.34
_03071_,5.34
_03095_,5.34
_03659_,5.34
_04205_,5.34
_01808_,5.315
_01924_,5.315
_01975_,5.315
_01226_,5.305
_01291_,5.305
_01305_,5.305
_01436_,5.305
_01495_,5.305
_01663_,5.305
_01708_,5.305
_01810_,5.305
_01944_,5.305
_01978_,5.305
_01979_,5.305
_04346_,5.285
_02191_,5.28
_03331_,5.28
_03404_,5.28
_01244_,5.265
_01245_,5.265
_01571_,5.265
_02030_,5.265
_02045_,5.265
net120,5.26
net341,5.26
net673,5.26
net826,5.26
net990,5.26
_02171_,5.26
_02219_,5.26
_02563_,5.26
_02694_,5.26
_02773_,5.26
_02935_,5.26
_03020_,5.26
_03064_,5.26
_03270_,5.26
_03305_,5.26
_03951_,5.26
_01552_,5.245
_01152_,5.24
_03274_,5.225
_02091_,5.22
_02120_,5.22
_02201_,5.22
_02212_,5.22
_02215_,5.22
_02222_,5.22
_02236_,5.22
_02251_,5.22
_02266_,5.22
_02313_,5.22
_02329_,5.22
_02359_,5.22
_02368_,5.22
_02439_,5.22
_02567_,5.22
_02590_,5.22
_02598_,5.22
_02646_,5.22
_02660_,5.22
_02674_,5.22
_02714_,5.22
_02738_,5.22
_02758_,5.22
_02763_,5.22
_02769_,5.22
_02790_,5.22
_02800_,5.22
_02819_,5.22
_02830_,5.22
_02904_,5.22
_02936_,5.22
_03043_,5.22
_03061_,5.22
_03068_,5.22
_03141_,5.22
_03144_,5.22
_03155_,5.22
_03161_,5.22
_03178_,5.22
_03233_,5.22
_03359_,5.22
_03833_,5.22
_03878_,5.22
_04138_,5.22
net89,5.22
clknet_0__04489_,5.22
_01230_,5.215
_01470_,5.205
_01925_,5.185
_01822_,5.16
_04168_,5.12
_01030_,5.115
_01311_,5.095
_01359_,5.095
_01424_,5.095
_01459_,5.095
_01687_,5.095
_01696_,5.095
_01888_,5.095
_01123_,5.085
_01158_,5.085
_01190_,5.085
_01502_,5.085
_01519_,5.085
_01839_,5.085
_01996_,5.085
_02002_,5.085
_02007_,5.085
port2_data_o[31],5.07
port2_data_o[3],5.07
_01976_,5.06
_01104_,5.045
_01568_,5.045
_01762_,5.045
_01935_,5.045
_03702_,5.04
net193,5.02
_01302_,5.005
_03615_,5
_04124_,5
_04393_,5
_01370_,4.985
_02035_,4.985
_01349_,4.975
_01354_,4.975
_01811_,4.975
_01141_,4.965
_01587_,4.965
port2_reg_i[2],4.95
_04054_,4.945
_04182_,4.945
net168,4.92
net241,4.92
net299,4.92
net385,4.92
net394,4.92
net415,4.92
net495,4.92
net501,4.92
net509,4.92
net526,4.92
net734,4.92
net815,4.92
net972,4.92
net1121,4.92
net167,4.92
_02277_,4.92
_02481_,4.92
_02529_,4.92
_02728_,4.92
_02785_,4.92
_02816_,4.92
_02875_,4.92
_02982_,4.92
_02991_,4.92
_03029_,4.92
_03047_,4.92
_03051_,4.92
_03091_,4.92
_03135_,4.92
_03374_,4.92
_02861_,4.9
_01143_,4.885
_01283_,4.885
_01368_,4.885
_01604_,4.885
net255,4.88
net288,4.88
net439,4.88
net475,4.88
net521,4.88
net653,4.88
net660,4.88
net1019,4.88
_02158_,4.88
_02161_,4.88
_02220_,4.88
_02238_,4.88
_02242_,4.88
_02253_,4.88
_02255_,4.88
_02342_,4.88
_02344_,4.88
_02358_,4.88
_02373_,4.88
_02387_,4.88
_02412_,4.88
_02425_,4.88
_02454_,4.88
_02569_,4.88
_02576_,4.88
_02587_,4.88
_02601_,4.88
_02725_,4.88
_02750_,4.88
_02894_,4.88
_02947_,4.88
_03004_,4.88
_03160_,4.88
_03182_,4.88
_03186_,4.88
_03976_,4.88
_04333_,4.88
net101,4.88
_03893_,4.86
_01130_,4.845
_01503_,4.845
_01510_,4.845
_01556_,4.845
_01612_,4.845
_01662_,4.845
_01771_,4.845
_01939_,4.845
_01951_,4.845
_02299_,4.82
_02415_,4.82
_02658_,4.82
_02833_,4.82
_02889_,4.82
_02917_,4.82
_02996_,4.82
net459,4.8
net571,4.8
net927,4.8
net955,4.8
_02315_,4.8
_02404_,4.8
_02511_,4.8
_02584_,4.8
_02691_,4.8
_02905_,4.8
_03045_,4.8
_03059_,4.8
_03092_,4.8
_03118_,4.8
_03173_,4.8
_03424_,4.8
_01761_,4.795
_01049_,4.785
_01092_,4.785
_01170_,4.785
_03434_,4.785
net650,4.78
_02079_,4.76
_02207_,4.76
_02217_,4.76
_02316_,4.76
_02318_,4.76
_02351_,4.76
_02352_,4.76
_02420_,4.76
_02554_,4.76
_02596_,4.76
_02657_,4.76
_02747_,4.76
_02784_,4.76
_02828_,4.76
_03002_,4.76
_03003_,4.76
_03078_,4.76
_03080_,4.76
_03757_,4.76
net93,4.76
port2_reg_i[4],4.73
_01494_,4.725
_01595_,4.725
_01742_,4.725
_01837_,4.725
_01962_,4.72
_01100_,4.7
_01722_,4.7
_01912_,4.7
_02179_,4.7
_04113_,4.7
_02450_,4.68
_02756_,4.68
_03356_,4.66
_04040_,4.64
_04112_,4.64
_02020_,4.635
_03535_,4.635
_01099_,4.625
_01159_,4.625
_01326_,4.625
_01506_,4.625
_01605_,4.625
_01419_,4.585
_01450_,4.585
_01460_,4.585
_01518_,4.585
_01559_,4.585
_01672_,4.585
_01693_,4.585
_01694_,4.585
_01737_,4.585
_01791_,4.585
_01493_,4.58
_03566_,4.58
_03974_,4.57
_01160_,4.545
_01778_,4.545
_01445_,4.525
_01110_,4.505
_01047_,4.485
_01429_,4.485
_03341_,4.48
_03506_,4.48
_03970_,4.475
_03882_,4.47
net236,4.46
net250,4.46
net360,4.46
net362,4.46
net392,4.46
net500,4.46
net569,4.46
net596,4.46
net602,4.46
net786,4.46
net850,4.46
net940,4.46
net954,4.46
net1037,4.46
net147,4.46
_02059_,4.46
_02162_,4.46
_02185_,4.46
_02205_,4.46
_02263_,4.46
_02336_,4.46
_02508_,4.46
_02638_,4.46
_02737_,4.46
_02810_,4.46
_02850_,4.46
_02883_,4.46
_02966_,4.46
_03602_,4.46
_04178_,4.46
_04316_,4.46
_01040_,4.425
_01044_,4.425
_01205_,4.425
net971,4.42
_02061_,4.42
_02087_,4.42
_02273_,4.42
_02386_,4.42
_02539_,4.42
_02547_,4.42
_02548_,4.42
_02568_,4.42
_02832_,4.42
_02948_,4.42
_03048_,4.42
_03065_,4.42
_03175_,4.42
port2_data_o[11],4.39
port2_data_o[13],4.39
port2_data_o[15],4.39
port2_data_o[19],4.39
port2_data_o[21],4.39
port2_data_o[23],4.39
port2_data_o[25],4.39
port2_data_o[27],4.39
port2_data_o[29],4.39
port2_data_o[5],4.39
port2_data_o[7],4.39
_01122_,4.385
_01125_,4.385
_01327_,4.385
_01731_,4.385
_01741_,4.385
_01773_,4.385
_02009_,4.385
_02028_,4.385
_03935_,4.365
_02482_,4.36
_02555_,4.36
_02583_,4.36
_02712_,4.36
_02808_,4.36
_02821_,4.36
_03013_,4.36
_03069_,4.36
net217,4.34
net782,4.34
net914,4.34
net962,4.34
_02075_,4.34
_02209_,4.34
_02354_,4.34
_02419_,4.34
_02522_,4.34
_02689_,4.34
_02753_,4.34
_02767_,4.34
_02859_,4.34
_03050_,4.34
_03072_,4.34
_03097_,4.34
_03473_,4.34
_03723_,4.34
_04025_,4.34
_01859_,4.335
_02039_,4.325
net1093,4.32
_03946_,4.32
_01071_,4.295
_01162_,4.295
_01491_,4.295
_01834_,4.295
_01416_,4.265
_01628_,4.265
_01983_,4.265
_01232_,4.26
_01085_,4.24
_01297_,4.24
_01540_,4.24
_01553_,4.24
_01644_,4.24
_01938_,4.24
_02022_,4.24
_03353_,4.23
net949,4.22
_03171_,4.22
_03378_,4.22
_03965_,4.22
_01060_,4.215
_01578_,4.215
_01024_,4.165
_01080_,4.165
_01167_,4.165
_01209_,4.165
_01337_,4.165
_01395_,4.165
_01636_,4.165
_01766_,4.165
_01923_,4.145
_04125_,4.14
_01525_,4.125
_01768_,4.125
_04311_,4.12
_04471_,4.12
_03425_,4.11
_01312_,4.085
_01319_,4.085
_01358_,4.085
_01701_,4.085
_01999_,4.085
_02003_,4.085
_01392_,4.065
_01695_,4.055
net184,4
net239,4
net290,4
net292,4
net293,4
net303,4
net320,4
net345,4
net397,4
net497,4
net577,4
net597,4
net605,4
net644,4
net751,4
net794,4
net823,4
net911,4
net926,4
net1008,4
net1011,4
net1021,4
net1027,4
net1056,4
net1066,4
net1108,4
net1127,4
net134,4
net146,4
net164,4
_02257_,4
_02360_,4
_02437_,4
_02550_,4
_02586_,4
_02650_,4
_02900_,4
_03055_,4
_03070_,4
_03549_,4
_04062_,4
_03131_,3.98
_01406_,3.975
_01465_,3.965
_01466_,3.965
_02040_,3.965
_01364_,3.945
_01387_,3.945
_01692_,3.945
_01723_,3.945
_01871_,3.945
_01025_,3.925
_01081_,3.925
_01181_,3.925
_01219_,3.925
_01262_,3.925
_01268_,3.925
_01281_,3.925
_01289_,3.925
_01350_,3.925
_01596_,3.925
_01691_,3.925
_01710_,3.925
_01729_,3.925
_01775_,3.925
_01868_,3.925
_01941_,3.925
_03675_,3.91
_03898_,3.905
_02135_,3.9
_02341_,3.9
_02370_,3.9
_02390_,3.9
_02411_,3.9
_02602_,3.9
_02617_,3.9
_02768_,3.9
_02906_,3.9
_02963_,3.9
_03127_,3.9
_03146_,3.9
_02063_,3.88
_02289_,3.88
_02375_,3.88
_02383_,3.88
_02391_,3.88
_02392_,3.88
_02394_,3.88
_02418_,3.88
_02570_,3.88
_02760_,3.88
_02835_,3.88
_02842_,3.88
_02870_,3.88
_02877_,3.88
_02919_,3.88
_02923_,3.88
_02960_,3.88
_03099_,3.88
_03108_,3.88
_03185_,3.88
_03232_,3.88
_03540_,3.88
_03739_,3.88
_03851_,3.88
net65,3.88
_01817_,3.875
_01074_,3.865
_01307_,3.865
_01847_,3.865
_01908_,3.865
_01989_,3.865
_01994_,3.865
_01774_,3.805
_01988_,3.805
_02044_,3.805
_01186_,3.8
_01224_,3.8
_01348_,3.8
_01353_,3.8
_01393_,3.8
_01402_,3.8
_01444_,3.8
_01050_,3.78
_01058_,3.78
_01077_,3.78
_01079_,3.78
_01084_,3.78
_01213_,3.78
_01233_,3.78
_01293_,3.78
_01464_,3.78
_01592_,3.78
_01861_,3.78
_01900_,3.78
_03765_,3.78
_03085_,3.76
_04437_,3.755
_01574_,3.715
_01135_,3.705
_01192_,3.705
_01198_,3.705
_01228_,3.705
_01235_,3.705
_01251_,3.705
_01252_,3.705
_01255_,3.705
_01824_,3.705
_01866_,3.705
_01200_,3.685
_01322_,3.685
net231,3.68
net1060,3.68
_03971_,3.68
_01133_,3.66
_03128_,3.66
_04403_,3.66
_01361_,3.585
_01802_,3.585
_01857_,3.585
_01485_,3.565
_03363_,3.56
net114,3.54
net121,3.54
net122,3.54
net194,3.54
net223,3.54
net248,3.54
net315,3.54
net419,3.54
net423,3.54
net529,3.54
net555,3.54
net556,3.54
net669,3.54
net674,3.54
net768,3.54
net770,3.54
net785,3.54
net790,3.54
net837,3.54
net866,3.54
net898,3.54
net913,3.54
net928,3.54
net938,3.54
net967,3.54
net997,3.54
net1007,3.54
net1010,3.54
net1032,3.54
net1036,3.54
net1047,3.54
net1063,3.54
net1123,3.54
net1132,3.54
net131,3.54
_02403_,3.54
_02498_,3.54
_02500_,3.54
_02613_,3.54
_02623_,3.54
_02961_,3.54
_03094_,3.54
_03201_,3.54
_03859_,3.54
_04013_,3.54
_04177_,3.54
_02393_,3.52
_02409_,3.52
_02927_,3.52
_03152_,3.52
_01175_,3.515
_01456_,3.515
_01650_,3.515
_01046_,3.505
_01107_,3.505
_01290_,3.505
_01347_,3.505
_01671_,3.505
_01688_,3.505
_01724_,3.505
_01909_,3.505
_01911_,3.505
_01986_,3.505
_02016_,3.505
_01357_,3.495
_01946_,3.485
_01103_,3.465
_01156_,3.465
_01217_,3.465
_01286_,3.465
_01345_,3.465
_01496_,3.465
_01501_,3.465
_01564_,3.465
_01597_,3.465
_01673_,3.465
_01678_,3.465
_01934_,3.465
_01945_,3.465
_01954_,3.465
_02006_,3.465
_01145_,3.46
_01309_,3.46
_01624_,3.46
_01725_,3.46
_01940_,3.44
_02121_,3.44
_02151_,3.44
_02170_,3.44
_02243_,3.44
_02320_,3.44
_02385_,3.44
_02430_,3.44
_02446_,3.44
_02497_,3.44
_02734_,3.44
_02754_,3.44
_02876_,3.44
_02928_,3.44
_03028_,3.44
_03219_,3.44
_03671_,3.44
_03718_,3.44
_04259_,3.44
_04314_,3.44
net257,3.42
net512,3.42
net538,3.42
net544,3.42
net628,3.42
net662,3.42
net791,3.42
net987,3.42
net1072,3.42
_02200_,3.42
_02339_,3.42
_02349_,3.42
_02374_,3.42
_02396_,3.42
_02484_,3.42
_02634_,3.42
_02687_,3.42
_02781_,3.42
_02787_,3.42
_02977_,3.42
_02998_,3.42
_03448_,3.42
_03500_,3.42
_03775_,3.42
_04232_,3.42
_04278_,3.42
_01164_,3.415
_01656_,3.415
_01027_,3.405
_01055_,3.405
_01075_,3.405
_01076_,3.405
_01089_,3.405
_01098_,3.405
_01140_,3.405
_01157_,3.405
_01176_,3.405
_01292_,3.405
_01360_,3.405
_01396_,3.405
_01414_,3.405
_01425_,3.405
_01447_,3.405
_01461_,3.405
_01544_,3.405
_01573_,3.405
_01577_,3.405
_01602_,3.405
_01655_,3.405
_01690_,3.405
_01735_,3.405
_01744_,3.405
_01783_,3.405
_01784_,3.405
_01865_,3.405
_01873_,3.405
_01981_,3.405
_01992_,3.405
_02004_,3.405
_02037_,3.405
_02165_,3.4
_04388_,3.4
_01035_,3.375
_01052_,3.345
_01083_,3.345
_01105_,3.345
_01137_,3.345
_01332_,3.345
_01427_,3.345
_01428_,3.345
_01497_,3.345
_01520_,3.345
_01621_,3.345
_01657_,3.345
_01707_,3.345
_01714_,3.345
_01832_,3.345
_01877_,3.345
_01942_,3.345
_01956_,3.345
_01974_,3.345
_01151_,3.34
_01138_,3.32
_01334_,3.32
_01486_,3.32
_01566_,3.32
_01648_,3.32
_01848_,3.32
_03157_,3.32
_04415_,3.305
net516,3.3
net1114,3.3
_03992_,3.3
_03320_,3.28
_04103_,3.28
_03793_,3.26
_01054_,3.245
_01282_,3.245
_01324_,3.245
_01335_,3.245
_01409_,3.245
_01421_,3.245
_01473_,3.245
_01512_,3.245
_01582_,3.245
_01613_,3.245
_01620_,3.245
_01697_,3.245
_01799_,3.245
_01818_,3.245
_01890_,3.245
net774,3.23
_01403_,3.225
_01870_,3.225
net124,3.22
net1018,3.22
_03567_,3.22
_03764_,3.22
_01882_,3.2
_03685_,3.2
_03909_,3.2
_04033_,3.2
_04145_,3.19
_01523_,3.175
_01686_,3.175
_01853_,3.175
_01134_,3.165
_01320_,3.165
_01683_,3.165
_01719_,3.165
_01936_,3.165
_02008_,3.165
_01413_,3.145
_01476_,3.145
_04405_,3.14
_01039_,3.125
_01068_,3.125
_01906_,3.125
_03944_,3.125
_01220_,3.105
net862,3.1
_01346_,3.1
_03312_,3.1
net116,3.08
net198,3.08
net212,3.08
net251,3.08
net252,3.08
net265,3.08
net269,3.08
net302,3.08
net311,3.08
net313,3.08
net339,3.08
net347,3.08
net349,3.08
net356,3.08
net378,3.08
net383,3.08
net406,3.08
net424,3.08
net453,3.08
net562,3.08
net573,3.08
net583,3.08
net607,3.08
net631,3.08
net639,3.08
net666,3.08
net716,3.08
net746,3.08
net845,3.08
net869,3.08
net907,3.08
net951,3.08
net974,3.08
net977,3.08
net1001,3.08
net1070,3.08
net1080,3.08
net1083,3.08
net1096,3.08
net162,3.08
_02095_,3.08
_02186_,3.08
_02192_,3.08
_02195_,3.08
_02203_,3.08
_02264_,3.08
_02361_,3.08
_02395_,3.08
_02414_,3.08
_02542_,3.08
_02651_,3.08
_02723_,3.08
_02798_,3.08
_02840_,3.08
_03031_,3.08
_03090_,3.08
_03103_,3.08
_04286_,3.08
_02746_,3.06
_01234_,3.055
_01316_,3.055
_01843_,3.055
_01913_,3.055
_01246_,3.045
_01279_,3.045
_01499_,3.045
_01509_,3.045
_01588_,3.045
_01633_,3.045
_01640_,3.045
_01676_,3.045
_01790_,3.045
_01850_,3.045
_01073_,3.005
_01275_,3.005
_01385_,3.005
_01400_,3.005
_01471_,3.005
_01479_,3.005
_01645_,3.005
_01658_,3.005
_01699_,3.005
_01851_,3.005
_01958_,3.005
_01966_,3.005
_02014_,3.005
_02032_,3.005
_02047_,3.005
_02199_,2.98
_02369_,2.98
_02440_,2.98
_02448_,2.98
_02534_,2.98
_02717_,2.98
_02720_,2.98
_02764_,2.98
_02817_,2.98
_02946_,2.98
_02958_,2.98
_02983_,2.98
_02989_,2.98
_02993_,2.98
_03040_,2.98
_03058_,2.98
_03421_,2.98
net418,2.96
net532,2.96
net624,2.96
net793,2.96
_02115_,2.96
_02128_,2.96
_02131_,2.96
_02133_,2.96
_02184_,2.96
_02267_,2.96
_02269_,2.96
_02280_,2.96
_02314_,2.96
_02431_,2.96
_02459_,2.96
_02461_,2.96
_02521_,2.96
_02633_,2.96
_02649_,2.96
_02718_,2.96
_02740_,2.96
_02755_,2.96
_02944_,2.96
_03073_,2.96
_03151_,2.96
_03385_,2.96
_03414_,2.96
_03546_,2.96
_03887_,2.96
_03958_,2.96
_04024_,2.96
_04086_,2.96
_04425_,2.96
net71,2.96
_01142_,2.955
_01188_,2.955
_01787_,2.955
_01154_,2.945
_01218_,2.945
_01451_,2.945
_01530_,2.945
_01682_,2.945
_01728_,2.945
_01899_,2.945
_02026_,2.945
_01717_,2.915
_02668_,2.9
_01038_,2.885
_01061_,2.885
_01088_,2.885
_01194_,2.885
_01202_,2.885
_01214_,2.885
_01272_,2.885
_01463_,2.885
_01532_,2.885
_01579_,2.885
_01600_,2.885
_01611_,2.885
_01632_,2.885
_01634_,2.885
_01756_,2.885
_01097_,2.88
_01139_,2.88
_01236_,2.88
_01256_,2.88
_01555_,2.88
_01711_,2.88
_02011_,2.88
_02019_,2.88
_01028_,2.86
_01166_,2.86
_01210_,2.86
_01329_,2.86
_01336_,2.86
_01417_,2.86
_01418_,2.86
_01435_,2.86
_01534_,2.86
_01561_,2.86
_01950_,2.86
_01971_,2.86
_02460_,2.86
_02487_,2.86
_03686_,2.86
_04203_,2.86
net519,2.84
_03318_,2.84
_01318_,2.835
_01366_,2.835
_01536_,2.835
_01065_,2.785
_01189_,2.785
_01240_,2.785
_01300_,2.785
_01321_,2.785
_01325_,2.785
_01355_,2.785
_01384_,2.785
_01386_,2.785
_01475_,2.785
_01548_,2.785
_01614_,2.785
_01629_,2.785
_01709_,2.785
_01712_,2.785
_01752_,2.785
_01772_,2.785
_01794_,2.785
_01831_,2.785
_01874_,2.785
_01887_,2.785
_01897_,2.785
_02038_,2.785
_01171_,2.765
_01285_,2.765
_01344_,2.765
net446,2.76
net578,2.76
net588,2.76
net678,2.76
net795,2.76
_03842_,2.76
_03961_,2.76
_03472_,2.74
_01059_,2.715
_01087_,2.715
_01114_,2.715
_01120_,2.715
_01146_,2.715
_01195_,2.715
_01225_,2.715
_01274_,2.715
_01296_,2.715
_01389_,2.715
_01394_,2.715
_01434_,2.715
_01455_,2.715
_01488_,2.715
_01521_,2.715
_01537_,2.715
_01594_,2.715
_01615_,2.715
_01667_,2.715
_01748_,2.715
_01764_,2.715
_01854_,2.715
_01855_,2.715
_01881_,2.715
_01920_,2.715
_02046_,2.715
_01660_,2.705
_01677_,2.705
_01997_,2.705
_04204_,2.68
_04136_,2.645
net143,2.64
_03815_,2.64
_04115_,2.64
_04206_,2.64
_04399_,2.64
net119,2.62
net125,2.62
net128,2.62
net130,2.62
net172,2.62
net173,2.62
net174,2.62
net176,2.62
net177,2.62
net179,2.62
net182,2.62
net183,2.62
net186,2.62
net187,2.62
net188,2.62
net189,2.62
net199,2.62
net203,2.62
net204,2.62
net206,2.62
net207,2.62
net208,2.62
net210,2.62
net211,2.62
net213,2.62
net215,2.62
net218,2.62
net221,2.62
net224,2.62
net229,2.62
net233,2.62
net238,2.62
net243,2.62
net247,2.62
net253,2.62
net259,2.62
net260,2.62
net268,2.62
net273,2.62
net285,2.62
net287,2.62
net294,2.62
net295,2.62
net300,2.62
net310,2.62
net314,2.62
net316,2.62
net318,2.62
net319,2.62
net322,2.62
net323,2.62
net325,2.62
net328,2.62
net329,2.62
net331,2.62
net333,2.62
net337,2.62
net338,2.62
net342,2.62
net357,2.62
net367,2.62
net374,2.62
net384,2.62
net388,2.62
net393,2.62
net398,2.62
net399,2.62
net401,2.62
net403,2.62
net408,2.62
net412,2.62
net413,2.62
net417,2.62
net425,2.62
net427,2.62
net430,2.62
net434,2.62
net436,2.62
net440,2.62
net443,2.62
net447,2.62
net448,2.62
net450,2.62
net457,2.62
net460,2.62
net463,2.62
net467,2.62
net468,2.62
net469,2.62
net472,2.62
net473,2.62
net474,2.62
net476,2.62
net477,2.62
net478,2.62
net480,2.62
net490,2.62
net494,2.62
net498,2.62
net499,2.62
net502,2.62
net504,2.62
net513,2.62
net517,2.62
net524,2.62
net525,2.62
net533,2.62
net534,2.62
net535,2.62
net536,2.62
net540,2.62
net541,2.62
net558,2.62
net563,2.62
net564,2.62
net565,2.62
net566,2.62
net567,2.62
net572,2.62
net576,2.62
net579,2.62
net581,2.62
net584,2.62
net587,2.62
net590,2.62
net591,2.62
net592,2.62
net600,2.62
net606,2.62
net608,2.62
net609,2.62
net613,2.62
net614,2.62
net619,2.62
net625,2.62
net626,2.62
net627,2.62
net630,2.62
net633,2.62
net634,2.62
net636,2.62
net638,2.62
net641,2.62
net642,2.62
net646,2.62
net654,2.62
net655,2.62
net656,2.62
net657,2.62
net661,2.62
net663,2.62
net685,2.62
net689,2.62
net692,2.62
net696,2.62
net699,2.62
net700,2.62
net705,2.62
net707,2.62
net708,2.62
net709,2.62
net710,2.62
net711,2.62
net712,2.62
net715,2.62
net717,2.62
net719,2.62
net720,2.62
net725,2.62
net727,2.62
net729,2.62
net732,2.62
net733,2.62
net740,2.62
net743,2.62
net745,2.62
net753,2.62
net756,2.62
net757,2.62
net763,2.62
net764,2.62
net766,2.62
net767,2.62
net769,2.62
net778,2.62
net779,2.62
net783,2.62
net784,2.62
net789,2.62
net799,2.62
net800,2.62
net801,2.62
net803,2.62
net807,2.62
net808,2.62
net809,2.62
net810,2.62
net811,2.62
net812,2.62
net814,2.62
net818,2.62
net825,2.62
net828,2.62
net831,2.62
net835,2.62
net836,2.62
net842,2.62
net848,2.62
net849,2.62
net853,2.62
net855,2.62
net857,2.62
net858,2.62
net870,2.62
net878,2.62
net880,2.62
net885,2.62
net887,2.62
net891,2.62
net900,2.62
net906,2.62
net908,2.62
net917,2.62
net923,2.62
net925,2.62
net930,2.62
net939,2.62
net944,2.62
net948,2.62
net956,2.62
net957,2.62
net958,2.62
net963,2.62
net968,2.62
net975,2.62
net980,2.62
net982,2.62
net986,2.62
net994,2.62
net1000,2.62
net1002,2.62
net1003,2.62
net1004,2.62
net1017,2.62
net1020,2.62
net1023,2.62
net1025,2.62
net1026,2.62
net1030,2.62
net1034,2.62
net1035,2.62
net1038,2.62
net1045,2.62
net1048,2.62
net1052,2.62
net1054,2.62
net1058,2.62
net1059,2.62
net1062,2.62
net1064,2.62
net1065,2.62
net1074,2.62
net1076,2.62
net1077,2.62
net1078,2.62
net1079,2.62
net1081,2.62
net1082,2.62
net1084,2.62
net1087,2.62
net1089,2.62
net1091,2.62
net1092,2.62
net1094,2.62
net1095,2.62
net1097,2.62
net1099,2.62
net1100,2.62
net1103,2.62
net1105,2.62
net1109,2.62
net1113,2.62
net1116,2.62
net1119,2.62
net1124,2.62
net1131,2.62
net1133,2.62
net1134,2.62
net135,2.62
net138,2.62
net145,2.62
net148,2.62
net151,2.62
net153,2.62
net159,2.62
net161,2.62
net166,2.62
_02137_,2.62
_02166_,2.62
_02183_,2.62
_02211_,2.62
_02353_,2.62
_02372_,2.62
_02427_,2.62
_02444_,2.62
_02469_,2.62
_02471_,2.62
_02472_,2.62
_02494_,2.62
_02520_,2.62
_02541_,2.62
_02560_,2.62
_02581_,2.62
_02635_,2.62
_02678_,2.62
_02701_,2.62
_02736_,2.62
_03125_,2.62
_03487_,2.62
_03771_,2.62
_03914_,2.62
_03937_,2.62
_04006_,2.62
_04050_,2.62
_04213_,2.62
_04223_,2.62
_04268_,2.62
net8,2.62
_01795_,2.605
_01959_,2.6
_01374_,2.595
_01431_,2.595
_01852_,2.595
_01898_,2.595
_01914_,2.595
_01056_,2.585
_01082_,2.585
_01462_,2.585
_01563_,2.585
_01674_,2.585
_01705_,2.585
_01740_,2.585
_01747_,2.585
_01067_,2.545
_01102_,2.545
_01121_,2.545
_01124_,2.545
_01199_,2.545
_01248_,2.545
_01276_,2.545
_01288_,2.545
_01306_,2.545
_01323_,2.545
_01338_,2.545
_01410_,2.545
_01437_,2.545
_01438_,2.545
_01484_,2.545
_01541_,2.545
_01562_,2.545
_01572_,2.545
_01607_,2.545
_01608_,2.545
_01702_,2.545
_01743_,2.545
_01746_,2.545
_01804_,2.545
_01805_,2.545
_01826_,2.545
_01845_,2.545
_01918_,2.545
_01928_,2.545
_01932_,2.545
_01952_,2.545
_02029_,2.545
_01736_,2.54
_01261_,2.52
_01785_,2.52
_01828_,2.52
_01895_,2.52
_02015_,2.52
_02018_,2.52
_02027_,2.52
_02057_,2.52
_02124_,2.52
_02125_,2.52
_02134_,2.52
_02202_,2.52
_02275_,2.52
_02303_,2.52
_02323_,2.52
_02465_,2.52
_02491_,2.52
_02544_,2.52
_02599_,2.52
_02698_,2.52
_02796_,2.52
_02836_,2.52
_02858_,2.52
_02872_,2.52
_02887_,2.52
_03056_,2.52
_03284_,2.52
_03339_,2.52
_03875_,2.505
_02157_,2.5
_02357_,2.5
_02408_,2.5
_02441_,2.5
_02486_,2.5
_02489_,2.5
_02637_,2.5
_02686_,2.5
_02741_,2.5
_02743_,2.5
_02777_,2.5
_02782_,2.5
_02864_,2.5
_03010_,2.5
_03060_,2.5
_03180_,2.5
_03485_,2.5
_03996_,2.5
_04289_,2.5
_01373_,2.485
_01452_,2.485
_01482_,2.485
_01505_,2.485
_01513_,2.485
_01546_,2.485
_01759_,2.485
_01797_,2.485
_01798_,2.485
_01819_,2.485
_01259_,2.425
_01260_,2.425
_01310_,2.425
_01823_,2.425
_01917_,2.425
_01961_,2.425
_01090_,2.42
_01108_,2.42
_01117_,2.42
_01212_,2.42
_01351_,2.42
_01382_,2.42
_01454_,2.42
_01498_,2.42
_01535_,2.42
_01585_,2.42
_01623_,2.42
_01856_,2.42
_02001_,2.42
_02031_,2.42
_02540_,2.4
_03789_,2.39
net428,2.38
_01034_,2.375
_01179_,2.375
_01211_,2.375
_01375_,2.375
_01769_,2.375
_01789_,2.375
_01809_,2.375
_01814_,2.375
_01829_,2.375
_01929_,2.375
_02012_,2.375
_01048_,2.325
_01066_,2.325
_01086_,2.325
_01101_,2.325
_01149_,2.325
_01153_,2.325
_01204_,2.325
_01206_,2.325
_01250_,2.325
_01271_,2.325
_01401_,2.325
_01439_,2.325
_01442_,2.325
_01542_,2.325
_01565_,2.325
_01589_,2.325
_01598_,2.325
_01601_,2.325
_01670_,2.325
_01679_,2.325
_01758_,2.325
_01767_,2.325
_01876_,2.325
_01894_,2.325
_01896_,2.325
_02036_,2.325
net245,2.3
net410,2.3
net530,2.3
net580,2.3
net873,2.3
net1031,2.3
net1106,2.3
_03223_,2.3
_03709_,2.3
_04070_,2.3
_04298_,2.28
_02249_,2.275
_03846_,2.27
_01029_,2.255
_01144_,2.255
_01163_,2.255
_01216_,2.255
_01253_,2.255
_01278_,2.255
_01356_,2.255
_01380_,2.255
_01391_,2.255
_01440_,2.255
_01539_,2.255
_01550_,2.255
_01642_,2.255
_01704_,2.255
_01715_,2.255
_01733_,2.255
_01757_,2.255
_01793_,2.255
_01807_,2.255
_01836_,2.255
_01943_,2.255
_01964_,2.255
_02033_,2.255
_01684_,2.225
_03734_,2.185
_03513_,2.18
_04342_,2.18
net185,2.16
net216,2.16
net291,2.16
net304,2.16
net327,2.16
net348,2.16
net355,2.16
net363,2.16
net370,2.16
net371,2.16
net391,2.16
net405,2.16
net420,2.16
net432,2.16
net441,2.16
net444,2.16
net464,2.16
net481,2.16
net491,2.16
net550,2.16
net559,2.16
net603,2.16
net622,2.16
net651,2.16
net652,2.16
net690,2.16
net698,2.16
net701,2.16
net759,2.16
net771,2.16
net773,2.16
net775,2.16
net780,2.16
net820,2.16
net832,2.16
net859,2.16
net875,2.16
net881,2.16
net884,2.16
net931,2.16
net936,2.16
net1041,2.16
net1055,2.16
net1057,2.16
net1071,2.16
net1104,2.16
net1111,2.16
net1126,2.16
_02218_,2.16
_02327_,2.16
_02435_,2.16
_02499_,2.16
_02631_,2.16
_02704_,2.16
_02809_,2.16
_02846_,2.16
_02899_,2.16
_02978_,2.16
_03049_,2.16
_03062_,2.16
_03110_,2.16
_03112_,2.16
_03124_,2.16
_03134_,2.16
_03218_,2.16
_04442_,2.16
_01131_,2.125
_01223_,2.125
_01229_,2.125
_01352_,2.125
_01412_,2.125
_01420_,2.125
_01441_,2.125
_01446_,2.125
_01514_,2.125
_01610_,2.125
_01685_,2.125
_01726_,2.125
_01734_,2.125
_01796_,2.125
_01825_,2.125
_01930_,2.125
_01987_,2.125
_01072_,2.085
_01207_,2.085
_01231_,2.085
_01242_,2.085
_01243_,2.085
_01328_,2.085
_01343_,2.085
_01377_,2.085
_01378_,2.085
_01415_,2.085
_01481_,2.085
_01515_,2.085
_01583_,2.085
_01590_,2.085
_01846_,2.085
_01867_,2.085
_01875_,2.085
_01902_,2.085
_01915_,2.085
_01931_,2.085
_01953_,2.085
_01965_,2.085
_01969_,2.085
_01593_,2.08
_02097_,2.06
_02099_,2.06
_02160_,2.06
_02173_,2.06
_02178_,2.06
_02213_,2.06
_02230_,2.06
_02237_,2.06
_02239_,2.06
_02241_,2.06
_02307_,2.06
_02308_,2.06
_02335_,2.06
_02340_,2.06
_02389_,2.06
_02401_,2.06
_02402_,2.06
_02429_,2.06
_02456_,2.06
_02514_,2.06
_02528_,2.06
_02579_,2.06
_02593_,2.06
_02615_,2.06
_02625_,2.06
_02629_,2.06
_02639_,2.06
_02643_,2.06
_02647_,2.06
_02656_,2.06
_02682_,2.06
_02684_,2.06
_02685_,2.06
_02690_,2.06
_02693_,2.06
_02695_,2.06
_02702_,2.06
_02703_,2.06
_02724_,2.06
_02733_,2.06
_02761_,2.06
_02772_,2.06
_02791_,2.06
_02811_,2.06
_02865_,2.06
_02867_,2.06
_02874_,2.06
_02895_,2.06
_02907_,2.06
_02921_,2.06
_02953_,2.06
_02957_,2.06
_03006_,2.06
_03017_,2.06
_03026_,2.06
_03034_,2.06
_03041_,2.06
_03063_,2.06
_03093_,2.06
_03107_,2.06
_03126_,2.06
_03142_,2.06
_03143_,2.06
_03149_,2.06
_03150_,2.06
_03158_,2.06
_03168_,2.06
_03177_,2.06
_03181_,2.06
net79,2.06
_03329_,2.045
_02069_,2.04
_02228_,2.04
_02245_,2.04
_02256_,2.04
_02286_,2.04
_02513_,2.04
_02533_,2.04
_02561_,2.04
_02727_,2.04
_02839_,2.04
_02873_,2.04
_02880_,2.04
_02901_,2.04
_03098_,2.04
_03436_,2.04
_03880_,2.04
_04195_,2.04
net112,2.04
_01031_,2.035
_01643_,2.035
_02005_,2.035
_01057_,2.025
_01129_,2.025
_01201_,2.025
_01222_,2.025
_01258_,2.025
_01273_,2.025
_01299_,2.025
_01339_,2.025
_01342_,2.025
_01404_,2.025
_01457_,2.025
_01458_,2.025
_01508_,2.025
_01533_,2.025
_01584_,2.025
_01606_,2.025
_01617_,2.025
_01625_,2.025
_01630_,2.025
_01639_,2.025
_01661_,2.025
_01716_,2.025
_01730_,2.025
_01760_,2.025
_01770_,2.025
_01800_,2.025
_01812_,2.025
_01849_,2.025
_01885_,2.025
_01892_,2.025
_01905_,2.025
_01910_,2.025
_01937_,2.025
_01985_,2.025
_02024_,2.025
_02252_,2
_03023_,1.98
_02382_,1.97
_03471_,1.93
_01173_,1.915
_01215_,1.915
_01383_,1.915
_01689_,1.915
_01995_,1.915
_04076_,1.88
_04140_,1.88
_01037_,1.865
_01053_,1.865
_01095_,1.865
_01111_,1.865
_01168_,1.865
_01174_,1.865
_01193_,1.865
_01197_,1.865
_01203_,1.865
_01208_,1.865
_01238_,1.865
_01267_,1.865
_01277_,1.865
_01304_,1.865
_01314_,1.865
_01317_,1.865
_01331_,1.865
_01341_,1.865
_01376_,1.865
_01398_,1.865
_01399_,1.865
_01407_,1.865
_01423_,1.865
_01432_,1.865
_01448_,1.865
_01453_,1.865
_01467_,1.865
_01472_,1.865
_01474_,1.865
_01480_,1.865
_01500_,1.865
_01507_,1.865
_01516_,1.865
_01522_,1.865
_01528_,1.865
_01529_,1.865
_01531_,1.865
_01557_,1.865
_01569_,1.865
_01576_,1.865
_01581_,1.865
_01603_,1.865
_01627_,1.865
_01631_,1.865
_01635_,1.865
_01637_,1.865
_01641_,1.865
_01649_,1.865
_01668_,1.865
_01681_,1.865
_01703_,1.865
_01727_,1.865
_01732_,1.865
_01753_,1.865
_01765_,1.865
_01860_,1.865
_01862_,1.865
_01883_,1.865
_01893_,1.865
_01916_,1.865
_01919_,1.865
_01922_,1.865
_01926_,1.865
_01927_,1.865
_01993_,1.865
_01998_,1.865
_02041_,1.865
_02043_,1.865
_04423_,1.86
net549,1.84
net1075,1.84
net158,1.84
_03390_,1.84
_03426_,1.84
_03755_,1.84
_04198_,1.84
_04395_,1.82
_04429_,1.82
_04431_,1.82
_04477_,1.82
net433,1.72
net109,1.72
_03687_,1.705
net402,1.7
net409,1.7
net431,1.7
net629,1.7
net659,1.7
net681,1.7
net824,1.7
net856,1.7
net886,1.7
net895,1.7
net901,1.7
net915,1.7
net924,1.7
net941,1.7
net1088,1.7
net1122,1.7
net149,1.7
_02053_,1.7
_02055_,1.7
_02129_,1.7
_02240_,1.7
_02337_,1.7
_02516_,1.7
_02556_,1.7
_02627_,1.7
_02671_,1.7
_02696_,1.7
_02749_,1.7
_02751_,1.7
_02752_,1.7
_02827_,1.7
_02856_,1.7
_02930_,1.7
_02972_,1.7
_03904_,1.7
_04049_,1.7
_04279_,1.7
net87,1.7
_02942_,1.66
_04300_,1.61
net301,1.6
net435,1.6
_02101_,1.6
_02144_,1.6
_02182_,1.6
_02294_,1.6
_02416_,1.6
_02428_,1.6
_02589_,1.6
_02612_,1.6
_02621_,1.6
_02765_,1.6
_02843_,1.6
_02888_,1.6
_02891_,1.6
_02918_,1.6
_02939_,1.6
_02943_,1.6
_03005_,1.6
_03011_,1.6
_03076_,1.6
_03106_,1.6
_03129_,1.6
_03132_,1.6
_03159_,1.6
_03166_,1.6
_01237_,1.575
_01265_,1.575
_01700_,1.575
_01749_,1.575
_01788_,1.575
_01815_,1.575
_01842_,1.575
_03162_,1.52
_02235_,1.48
_02304_,1.48
_02632_,1.48
_02729_,1.48
_02766_,1.48
_03769_,1.48
_01096_,1.405
_01136_,1.405
_01150_,1.405
_01182_,1.405
_01247_,1.405
_01254_,1.405
_01269_,1.405
_01468_,1.405
_01777_,1.405
_01872_,1.405
_01967_,1.405
_02000_,1.405
net518,1.4
net175,1.38
net200,1.38
net226,1.38
net286,1.38
net306,1.38
net346,1.38
net351,1.38
net358,1.38
net456,1.38
net537,1.38
net560,1.38
net568,1.38
net582,1.38
net612,1.38
net621,1.38
net658,1.38
net675,1.38
net682,1.38
net718,1.38
net736,1.38
net762,1.38
net821,1.38
net834,1.38
net843,1.38
net847,1.38
net904,1.38
net966,1.38
net973,1.38
net1112,1.38
net1115,1.38
net1120,1.38
net142,1.38
net154,1.38
net155,1.38
_03496_,1.38
_03658_,1.38
_04010_,1.38
_03784_,1.265
_03857_,1.265
net1044,1.26
_02089_,1.14
_02109_,1.14
_02127_,1.14
_02142_,1.14
_02146_,1.14
_02168_,1.14
_02169_,1.14
_02204_,1.14
_02206_,1.14
_02216_,1.14
_02221_,1.14
_02229_,1.14
_02234_,1.14
_02248_,1.14
_02250_,1.14
_02278_,1.14
_02287_,1.14
_02293_,1.14
_02325_,1.14
_02347_,1.14
_02371_,1.14
_02397_,1.14
_02423_,1.14
_02443_,1.14
_02463_,1.14
_02475_,1.14
_02476_,1.14
_02480_,1.14
_02492_,1.14
_02512_,1.14
_02517_,1.14
_02519_,1.14
_02543_,1.14
_02552_,1.14
_02553_,1.14
_02557_,1.14
_02585_,1.14
_02591_,1.14
_02592_,1.14
_02595_,1.14
_02628_,1.14
_02655_,1.14
_02662_,1.14
_02716_,1.14
_02726_,1.14
_02739_,1.14
_02786_,1.14
_02789_,1.14
_02823_,1.14
_02824_,1.14
_02831_,1.14
_02860_,1.14
_02884_,1.14
_02890_,1.14
_02896_,1.14
_02920_,1.14
_02925_,1.14
_02954_,1.14
_02956_,1.14
_02968_,1.14
_02975_,1.14
_02976_,1.14
_02980_,1.14
_02990_,1.14
_03000_,1.14
_03012_,1.14
_03015_,1.14
_03022_,1.14
_03024_,1.14
_03037_,1.14
_03082_,1.14
_03115_,1.14
_03119_,1.14
_03165_,1.14
_03172_,1.14
_03176_,1.14
_03179_,1.14
_03610_,1.14
_02897_,1.12
_04369_,1.1
_02582_,1.06
net115,0.92
net117,0.92
net123,0.92
net171,0.92
net178,0.92
net181,0.92
net190,0.92
net191,0.92
net192,0.92
net195,0.92
net201,0.92
net202,0.92
net205,0.92
net209,0.92
net214,0.92
net219,0.92
net222,0.92
net225,0.92
net227,0.92
net237,0.92
net246,0.92
net249,0.92
net254,0.92
net258,0.92
net261,0.92
net264,0.92
net266,0.92
net270,0.92
net271,0.92
net272,0.92
net274,0.92
net276,0.92
net279,0.92
net281,0.92
net283,0.92
net284,0.92
net289,0.92
net296,0.92
net297,0.92
net307,0.92
net308,0.92
net309,0.92
net312,0.92
net321,0.92
net324,0.92
net326,0.92
net330,0.92
net332,0.92
net334,0.92
net335,0.92
net336,0.92
net340,0.92
net350,0.92
net352,0.92
net353,0.92
net354,0.92
net364,0.92
net365,0.92
net372,0.92
net373,0.92
net375,0.92
net377,0.92
net380,0.92
net381,0.92
net389,0.92
net390,0.92
net395,0.92
net396,0.92
net404,0.92
net407,0.92
net411,0.92
net416,0.92
net422,0.92
net426,0.92
net429,0.92
net438,0.92
net442,0.92
net445,0.92
net451,0.92
net452,0.92
net455,0.92
net458,0.92
net461,0.92
net462,0.92
net466,0.92
net470,0.92
net479,0.92
net482,0.92
net483,0.92
net484,0.92
net486,0.92
net488,0.92
net506,0.92
net510,0.92
net515,0.92
net520,0.92
net522,0.92
net523,0.92
net527,0.92
net531,0.92
net542,0.92
net543,0.92
net546,0.92
net547,0.92
net548,0.92
net551,0.92
net553,0.92
net557,0.92
net574,0.92
net586,0.92
net589,0.92
net593,0.92
net594,0.92
net595,0.92
net598,0.92
net599,0.92
net601,0.92
net604,0.92
net611,0.92
net615,0.92
net623,0.92
net632,0.92
net643,0.92
net647,0.92
net648,0.92
net649,0.92
net665,0.92
net668,0.92
net670,0.92
net671,0.92
net676,0.92
net680,0.92
net683,0.92
net684,0.92
net691,0.92
net694,0.92
net695,0.92
net702,0.92
net703,0.92
net704,0.92
net706,0.92
net713,0.92
net714,0.92
net724,0.92
net726,0.92
net728,0.92
net735,0.92
net737,0.92
net738,0.92
net739,0.92
net741,0.92
net750,0.92
net754,0.92
net758,0.92
net772,0.92
net776,0.92
net781,0.92
net788,0.92
net792,0.92
net796,0.92
net805,0.92
net816,0.92
net827,0.92
net829,0.92
net830,0.92
net838,0.92
net839,0.92
net840,0.92
net841,0.92
net851,0.92
net860,0.92
net861,0.92
net863,0.92
net867,0.92
net868,0.92
net874,0.92
net876,0.92
net879,0.92
net882,0.92
net883,0.92
net889,0.92
net890,0.92
net892,0.92
net893,0.92
net894,0.92
net899,0.92
net903,0.92
net909,0.92
net910,0.92
net916,0.92
net919,0.92
net920,0.92
net929,0.92
net933,0.92
net937,0.92
net942,0.92
net946,0.92
net950,0.92
net959,0.92
net961,0.92
net965,0.92
net976,0.92
net978,0.92
net979,0.92
net981,0.92
net984,0.92
net989,0.92
net991,0.92
net992,0.92
net995,0.92
net996,0.92
net998,0.92
net999,0.92
net1005,0.92
net1009,0.92
net1013,0.92
net1016,0.92
net1022,0.92
net1033,0.92
net1039,0.92
net1040,0.92
net1042,0.92
net1043,0.92
net1046,0.92
net1049,0.92
net1050,0.92
net1051,0.92
net1053,0.92
net1061,0.92
net1067,0.92
net1069,0.92
net1085,0.92
net1086,0.92
net1090,0.92
net1102,0.92
net1107,0.92
net1110,0.92
net1117,0.92
net1118,0.92
net1125,0.92
net1129,0.92
net1130,0.92
net1136,0.92
net144,0.92
net152,0.92
net160,0.92
net165,0.92
_03532_,0.92
net113,0.92
_03518_,0.46
_03637_,0.46
_03941_,0.46
_04285_,0.46
_04361_,0.46
